[2026-08-28 10:10:35] ,-1,0,0,18
[2026-08-28 10:10:35] ms,energy,r1600,r2000,r2400,r280ms,energy,r1600,r2000,r2400,r2800,best,tone,armed,move,dropped
[2026-08-28 10:10:37] 58,9508,0.000,0.000,0.000,0.000,0,-1,0,0,0
[2026-08-28 10:10:37] 94,5830,0.000,0.000,0.000,0.000,0,-1,0,0,0
[2026-08-28 10:10:37] 129,8039,0.000,0.000,0.000,0.000,2,-1,0,0,0
[2026-08-28 10:10:37] 164,6433,0.000,0.000,0.000,0.000,0,-1,0,0,1
[2026-08-28 10:10:37] 200,10065,0.000,0.000,0.000,0.000,0,-1,0,0,1
[2026-08-28 10:10:37] 235,7086,0.000,0.000,0.000,0.000,0,-1,0,0,2
[2026-08-28 10:10:37] 271,10180,0.000,0.000,0.000,0.000,2,-1,0,0,2
[2026-08-28 10:10:37] 307,10227,0.000,0.000,0.000,0.000,0,-1,0,0,2
[2026-08-28 10:10:37] 343,9317,0.000,0.000,0.000,0.000,1,-1,0,0,3
[2026-08-28 10:10:37] 378,14646,0.000,0.000,0.000,0.000,0,-1,0,0,3
[2026-08-28 10:10:37] 414,10914,0.000,0.000,0.000,0.000,0,-1,0,0,4
[2026-08-28 10:10:37] 450,1672,0.000,0.000,0.000,0.000,1,-1,0,0,4
[2026-08-28 10:10:37] 479,1,0.005,0.005,0.005,0.005,1,-1,0,0,5
[2026-08-28 10:10:37] 503,0,0.000,0.000,0.000,0.000,-1,-1,0,0,5
[2026-08-28 10:10:37] 530,1,0.005,0.005,0.005,0.005,3,-1,0,0,5
[2026-08-28 10:10:38] 558,1,0.005,0.005,0.005,0.005,3,-1,0,0,5
[2026-08-28 10:10:38] 583,2,0.007,0.005,0.003,0.002,0,-1,0,0,5
[2026-08-28 10:10:38] 613,1,0.005,0.005,0.005,0.005,3,-1,0,0,5
[2026-08-28 10:10:38] 637,0,0.000,0.000,0.000,0.000,-1,-1,0,0,5
[2026-08-28 10:10:38] 666,2,0.007,0.010,0.007,0.001,1,-1,0,0,5
[2026-08-28 10:10:38] 698,1,0.005,0.005,0.005,0.005,1,-1,0,0,5
[2026-08-28 10:10:38] 727,1,0.005,0.005,0.005,0.005,1,-1,0,0,6
[2026-08-28 10:10:38] 751,0,0.000,0.000,0.000,0.000,-1,-1,0,0,6
[2026-08-28 10:10:38] 781,3,0.010,0.008,0.002,0.000,0,-1,0,0,6
[2026-08-28 10:10:38] 806,1,0.005,0.005,0.005,0.005,0,-1,0,0,6
[2026-08-28 10:10:38] 836,1,0.005,0.005,0.005,0.005,1,-1,0,0,6
[2026-08-28 10:10:38] 862,0,0.000,0.000,0.000,0.000,-1,-1,0,0,6
[2026-08-28 10:10:38] 888,3,0.004,0.008,0.008,0.004,1,-1,0,0,6
[2026-08-28 10:10:38] 918,1,0.005,0.005,0.005,0.005,3,-1,0,0,6
[2026-08-28 10:10:38] 943,0,0.000,0.000,0.000,0.000,-1,-1,0,0,6
[2026-08-28 10:10:38] 970,2,0.007,0.010,0.007,0.001,1,-1,0,0,6
[2026-08-28 10:10:38] 1000,3,0.003,0.002,0.002,0.007,3,-1,0,0,6
[2026-08-28 10:10:38] 1029,1,0.005,0.005,0.005,0.005,1,-1,0,0,7
[2026-08-28 10:10:38] 1053,0,0.000,0.000,0.000,0.000,-1,-1,0,0,7
[2026-08-28 10:10:38] 1084,1,0.005,0.005,0.005,0.005,1,-1,0,0,7
[2026-08-28 10:10:38] 1108,0,0.000,0.000,0.000,0.000,-1,-1,0,0,7
[2026-08-28 10:10:38] 1135,1,0.005,0.005,0.005,0.005,3,-1,0,0,7
[2026-08-28 10:10:38] 1163,1,0.005,0.005,0.005,0.005,3,-1,0,0,7
[2026-08-28 10:10:38] 1187,0,0.000,0.000,0.000,0.000,-1,-1,0,0,7
[2026-08-28 10:10:38] 1212,0,0.000,0.000,0.000,0.000,-1,-1,0,0,7
[2026-08-28 10:10:38] 1244,6,0.001,0.003,0.007,0.001,2,-1,0,0,7
[2026-08-28 10:10:38] 1268,0,0.000,0.000,0.000,0.000,-1,-1,0,0,7
[2026-08-28 10:10:38] 1299,2,0.001,0.005,0.009,0.000,2,-1,0,0,7
[2026-08-28 10:10:38] 1328,1,0.005,0.005,0.005,0.005,3,-1,0,0,8
[2026-08-28 10:10:38] 1356,2,0.007,0.005,0.003,0.002,0,-1,0,0,8
[2026-08-28 10:10:38] 1387,3,0.003,0.002,0.014,0.002,2,-1,0,0,8
[2026-08-28 10:10:38] 1412,0,0.000,0.000,0.000,0.000,-1,-1,0,0,8
[2026-08-28 10:10:38] 1436,0,0.000,0.000,0.000,0.000,-1,-1,0,0,8
[2026-08-28 10:10:38] 1465,4,0.013,0.003,0.005,0.003,0,-1,0,0,8
[2026-08-28 10:10:38] 1496,3,0.003,0.008,0.002,0.003,1,-1,0,0,8
[2026-08-28 10:10:38] 1520,0,0.000,0.000,0.000,0.000,-1,-1,0,0,8
[2026-08-28 10:10:39] 1552,4,0.009,0.003,0.000,0.001,0,-1,0,0,8
[2026-08-28 10:10:39] 1576,0,0.000,0.000,0.000,0.000,-1,-1,0,0,9
[2026-08-28 10:10:39] 1601,0,0.000,0.000,0.000,0.000,-1,-1,0,0,9
[2026-08-28 10:10:39] 1628,1,0.005,0.005,0.005,0.005,3,-1,0,0,9
[2026-08-28 10:10:39] 1656,4,0.001,0.003,0.002,0.002,1,-1,0,0,9
[2026-08-28 10:10:39] 1687,2,0.001,0.000,0.001,0.003,3,-1,0,0,9
[2026-08-28 10:10:39] 1717,8,0.003,0.005,0.001,0.005,3,-1,0,0,9
[2026-08-28 10:10:39] 1747,1,0.005,0.005,0.005,0.005,1,-1,0,0,9
[2026-08-28 10:10:39] 1776,2,0.007,0.005,0.003,0.002,0,-1,0,0,10
[2026-08-28 10:10:39] 1801,0,0.000,0.000,0.000,0.000,-1,-1,0,0,10
[2026-08-28 10:10:39] 1827,1,0.005,0.005,0.005,0.005,3,-1,0,0,10
[2026-08-28 10:10:39] 1852,0,0.000,0.000,0.000,0.000,-1,-1,0,0,10
[2026-08-28 10:10:39] 1883,3,0.001,0.008,0.004,0.011,3,-1,0,0,10
[2026-08-28 10:10:39] 1911,1,0.005,0.005,0.005,0.005,3,-1,0,0,10
[2026-08-28 10:10:39] 1943,4,0.000,0.002,0.003,0.001,2,-1,0,0,10
[2026-08-28 10:10:39] 1968,0,0.000,0.000,0.000,0.000,-1,-1,0,0,10
[2026-08-28 10:10:39] 1994,1,0.005,0.005,0.005,0.005,3,-1,0,0,10
[2026-08-28 10:10:39] 2019,0,0.000,0.000,0.000,0.000,-1,-1,0,0,10
[2026-08-28 10:10:39] 2050,2,0.001,0.005,0.009,0.010,3,-1,0,0,10
[2026-08-28 10:10:39] 2074,0,0.000,0.000,0.000,0.000,-1,-1,0,0,11
[2026-08-28 10:10:39] 2103,1,0.005,0.005,0.005,0.005,3,-1,0,0,11
[2026-08-28 10:10:39] 2134,2,0.007,0.010,0.007,0.001,1,-1,0,0,11
[2026-08-28 10:10:39] 2162,1,0.005,0.005,0.005,0.005,3,-1,0,0,11
[2026-08-28 10:10:39] 2189,1,0.005,0.005,0.005,0.005,3,-1,0,0,11
[2026-08-28 10:10:39] 2213,0,0.000,0.000,0.000,0.000,-1,-1,0,0,11
[2026-08-28 10:10:39] 2240,1,0.005,0.005,0.005,0.005,3,-1,0,0,11
[2026-08-28 10:10:39] 2265,0,0.000,0.000,0.000,0.000,-1,-1,0,0,11
[2026-08-28 10:10:39] 2295,2,0.010,0.005,0.000,0.005,0,-1,0,0,11
[2026-08-28 10:10:39] 2321,0,0.000,0.000,0.000,0.000,-1,-1,0,0,11
[2026-08-28 10:10:39] 2352,6,0.001,0.017,0.001,0.005,1,-1,0,0,11
[2026-08-28 10:10:39] 2376,1,0.005,0.005,0.005,0.005,1,-1,0,0,12
[2026-08-28 10:10:39] 2405,2,0.010,0.000,0.010,0.000,0,-1,0,0,12
[2026-08-28 10:10:39] 2436,3,0.001,0.008,0.004,0.001,1,-1,0,0,12
[2026-08-28 10:10:39] 2465,2,0.007,0.005,0.003,0.002,0,-1,0,0,12
[2026-08-28 10:10:39] 2496,1,0.005,0.005,0.005,0.005,1,-1,0,0,12
[2026-08-28 10:10:39] 2521,0,0.000,0.000,0.000,0.000,-1,-1,0,0,12
[2026-08-28 10:10:40] 2552,4,0.006,0.002,0.003,0.000,0,-1,0,0,12
[2026-08-28 10:10:40] 2577,0,0.000,0.000,0.000,0.000,-1,-1,0,0,13
[2026-08-28 10:10:40] 2601,0,0.000,0.000,0.000,0.000,-1,-1,0,0,13
[2026-08-28 10:10:40] 2631,1,0.005,0.005,0.005,0.005,1,-1,0,0,13
[2026-08-28 10:10:40] 2661,1,0.005,0.005,0.005,0.005,3,-1,0,0,13
[2026-08-28 10:10:40] 2688,1,0.005,0.005,0.005,0.005,3,-1,0,0,13
[2026-08-28 10:10:40] 2712,0,0.000,0.000,0.000,0.000,-1,-1,0,0,13
[2026-08-28 10:10:40] 2743,2,0.007,0.010,0.007,0.001,1,-1,0,0,13
[2026-08-28 10:10:40] 2771,1,0.005,0.005,0.005,0.005,3,-1,0,0,13
[2026-08-28 10:10:40] 2802,9,0.001,0.007,0.003,0.001,1,-1,0,0,13
[2026-08-28 10:10:40] 2831,1,0.005,0.005,0.005,0.005,1,-1,0,0,14
[2026-08-28 10:10:40] 2860,2,0.007,0.005,0.003,0.002,0,-1,0,0,14
[2026-08-28 10:10:40] 2891,5,0.004,0.005,0.003,0.008,3,-1,0,0,14
[2026-08-28 10:10:40] 2920,4,0.001,0.005,0.001,0.001,1,-1,0,0,14
[2026-08-28 10:10:40] 2945,0,0.000,0.000,0.000,0.000,-1,-1,0,0,14
[2026-08-28 10:10:40] 2969,0,0.000,0.000,0.000,0.000,-1,-1,0,0,14
[2026-08-28 10:10:40] 3000,2,0.007,0.005,0.003,0.008,3,-1,0,0,14
[2026-08-28 10:10:40] 3028,1,0.005,0.005,0.005,0.005,3,-1,0,0,15
[2026-08-28 10:10:40] 3053,0,0.000,0.000,0.000,0.000,-1,-1,0,0,15
[2026-08-28 10:10:40] 3085,1,0.005,0.005,0.005,0.005,1,-1,0,0,15
[2026-08-28 10:10:40] 3109,0,0.000,0.000,0.000,0.000,-1,-1,0,0,15
[2026-08-28 10:10:40] 3134,0,0.000,0.000,0.000,0.000,-1,-1,0,0,15
[2026-08-28 10:10:40] 3163,1,0.005,0.005,0.005,0.005,3,-1,0,0,15
[2026-08-28 10:10:40] 3194,1,0.005,0.005,0.005,0.005,1,-1,0,0,15
[2026-08-28 10:10:40] 3219,0,0.000,0.000,0.000,0.000,-1,-1,0,0,15
[2026-08-28 10:10:40] 3244,0,0.000,0.000,0.000,0.000,-1,-1,0,0,15
[2026-08-28 10:10:40] 3272,2,0.001,0.010,0.001,0.007,1,-1,0,0,15
[2026-08-28 10:10:40] 3298,1,0.005,0.005,0.005,0.005,1,-1,0,0,16
[2026-08-28 10:10:40] 3329,2,0.010,0.005,0.000,0.005,0,-1,0,0,16
[2026-08-28 10:10:40] 3353,0,0.000,0.000,0.000,0.000,-1,-1,0,0,16
[2026-08-28 10:10:40] 3384,4,0.006,0.000,0.011,0.005,2,-1,0,0,16
[2026-08-28 10:10:40] 3409,0,0.000,0.000,0.000,0.000,-1,-1,0,0,16
[2026-08-28 10:10:40] 3440,3,0.001,0.008,0.011,0.002,2,-1,0,0,16
[2026-08-28 10:10:40] 3469,2,0.007,0.005,0.003,0.002,0,-1,0,0,16
[2026-08-28 10:10:40] 3499,5,0.001,0.005,0.003,0.006,3,-1,0,0,16
[2026-08-28 10:10:40] 3523,0,0.000,0.000,0.000,0.000,-1,-1,0,0,17
[2026-08-28 10:10:41] 3552,2,0.007,0.000,0.007,0.009,3,-1,0,0,17
[2026-08-28 10:10:41] 3584,1,0.005,0.005,0.005,0.005,1,-1,0,0,17
[2026-08-28 10:10:41] 3612,1,0.005,0.005,0.005,0.005,3,-1,0,0,17
[2026-08-28 10:10:41] 3643,2,0.001,0.010,0.001,0.007,1,-1,0,0,17
[2026-08-28 10:10:41] 3672,1,0.005,0.005,0.005,0.005,1,-1,0,0,17
[2026-08-28 10:10:41] 3702,1,0.005,0.005,0.005,0.005,1,-1,0,0,18
[2026-08-28 10:10:41] 3734,1,0.005,0.005,0.005,0.005,1,-1,0,0,18
[2026-08-28 10:10:41] 3759,0,0.000,0.000,0.000,0.000,-1,-1,0,0,18
[2026-08-28 10:10:41] 3790,1,0.005,0.005,0.005,0.005,1,-1,0,0,18
[2026-08-28 10:10:41] 3815,0,0.000,0.000,0.000,0.000,-1,-1,0,0,18
[2026-08-28 10:10:41] 3846,1,0.005,0.005,0.005,0.005,1,-1,0,0,18
[2026-08-28 10:10:41] 3874,1,0.005,0.005,0.005,0.005,3,-1,0,0,18
[2026-08-28 10:10:41] 3901,1,0.005,0.005,0.005,0.005,3,-1,0,0,19
[2026-08-28 10:10:41] 3926,1,0.005,0.005,0.005,0.005,1,-1,0,0,19
[2026-08-28 10:10:41] 3955,1,0.005,0.005,0.005,0.005,3,-1,0,0,19
[2026-08-28 10:10:41] 3980,0,0.000,0.000,0.000,0.000,-1,-1,0,0,19
[2026-08-28 10:10:41] 4008,2,0.010,0.005,0.000,0.005,0,-1,0,0,19
[2026-08-28 10:10:41] 4039,2,0.001,0.000,0.001,0.003,3,-1,0,0,19
[2026-08-28 10:10:41] 4069,2,0.007,0.005,0.003,0.002,0,-1,0,0,19
[2026-08-28 10:10:41] 4100,5,0.013,0.017,0.013,0.008,1,-1,0,0,19
[2026-08-28 10:10:41] 4127,6,0.004,0.000,0.008,0.004,2,-1,0,0,20
[2026-08-28 10:10:41] 4152,0,0.000,0.000,0.000,0.000,-1,-1,0,0,20
[2026-08-28 10:10:41] 4177,0,0.000,0.000,0.000,0.000,-1,-1,0,0,20
[2026-08-28 10:10:41] 4202,0,0.000,0.000,0.000,0.000,-1,-1,0,0,20
[2026-08-28 10:10:41] 4233,4,0.000,0.003,0.007,0.004,2,-1,0,0,20
[2026-08-28 10:10:41] 4261,2,0.010,0.000,0.010,0.000,0,-1,0,0,20
[2026-08-28 10:10:41] 4293,1,0.005,0.005,0.005,0.005,1,-1,0,0,20
[2026-08-28 10:10:41] 4318,0,0.000,0.000,0.000,0.000,-1,-1,0,0,20
[2026-08-28 10:10:41] 4348,2,0.007,0.005,0.003,0.002,0,-1,0,0,20
[2026-08-28 10:10:41] 4373,0,0.000,0.000,0.000,0.000,-1,-1,0,0,21
[2026-08-28 10:10:41] 4398,0,0.000,0.000,0.000,0.000,-1,-1,0,0,21
[2026-08-28 10:10:41] 4428,2,0.007,0.000,0.007,0.009,3,-1,0,0,21
[2026-08-28 10:10:41] 4456,1,0.005,0.005,0.005,0.005,3,-1,0,0,21
[2026-08-28 10:10:41] 4487,1,0.005,0.005,0.005,0.005,1,-1,0,0,21
[2026-08-28 10:10:41] 4511,0,0.000,0.000,0.000,0.000,-1,-1,0,0,21
[2026-08-28 10:10:41] 4537,0,0.000,0.000,0.000,0.000,-1,-1,0,0,21
[2026-08-28 10:10:42] 4563,2,0.007,0.000,0.007,0.009,3,-1,0,0,21
[2026-08-28 10:10:42] 4594,6,0.007,0.008,0.000,0.000,1,-1,0,0,21
[2026-08-28 10:10:42] 4623,1,0.005,0.005,0.005,0.005,3,-1,0,0,21
[2026-08-28 10:10:42] 4649,3,0.010,0.008,0.006,0.004,0,-1,0,0,22
[2026-08-28 10:10:42] 4681,4,0.000,0.002,0.003,0.001,2,-1,0,0,22
[2026-08-28 10:10:42] 4706,0,0.000,0.000,0.000,0.000,-1,-1,0,0,22
[2026-08-28 10:10:42] 4737,1,0.005,0.005,0.005,0.005,1,-1,0,0,22
[2026-08-28 10:10:42] 4765,2,0.001,0.000,0.001,0.003,3,-1,0,0,22
[2026-08-28 10:10:42] 4797,1,0.005,0.005,0.005,0.005,1,-1,0,0,22
[2026-08-28 10:10:42] 4825,1,0.005,0.005,0.005,0.005,3,-1,0,0,22
[2026-08-28 10:10:42] 4851,1,0.005,0.005,0.005,0.005,3,-1,0,0,23
[2026-08-28 10:10:42] 4881,5,0.004,0.005,0.002,0.004,1,-1,0,0,23
[2026-08-28 10:10:42] 4905,0,0.000,0.000,0.000,0.000,-1,-1,0,0,23
[2026-08-28 10:10:42] 4932,2,0.007,0.010,0.007,0.001,1,-1,0,0,23
[2026-08-28 10:10:42] 4957,0,0.000,0.000,0.000,0.000,-1,-1,0,0,23
[2026-08-28 10:10:42] 4987,1,0.005,0.005,0.005,0.005,1,-1,0,0,23
[2026-08-28 10:10:42] 5016,3,0.010,0.008,0.002,0.000,0,-1,0,0,23
[2026-08-28 10:10:42] 5043,1,0.005,0.005,0.005,0.005,3,-1,0,0,23
[2026-08-28 10:10:42] 5070,2,0.007,0.005,0.003,0.002,0,-1,0,0,23
[2026-08-28 10:10:42] 5097,5,0.001,0.001,0.005,0.006,3,-1,0,0,23
[2026-08-28 10:10:42] 5122,0,0.000,0.000,0.000,0.000,-1,-1,0,0,24
[2026-08-28 10:10:42] 5150,2,0.001,0.005,0.009,0.010,3,-1,0,0,24
[2026-08-28 10:10:42] 5182,4,0.009,0.003,0.000,0.007,0,-1,0,0,24
[2026-08-28 10:10:42] 5211,1,0.005,0.005,0.005,0.005,3,-1,0,0,24
[2026-08-28 10:10:42] 5240,1,0.005,0.005,0.005,0.005,3,-1,0,0,24
[2026-08-28 10:10:42] 5269,2,0.007,0.005,0.003,0.008,3,-1,0,0,24
[2026-08-28 10:10:42] 5300,6,0.007,0.008,0.009,0.006,2,-1,0,0,24
[2026-08-28 10:10:42] 5324,0,0.000,0.000,0.000,0.000,-1,-1,0,0,25
[2026-08-28 10:10:42] 5349,0,0.000,0.000,0.000,0.000,-1,-1,0,0,25
[2026-08-28 10:10:42] 5381,7,0.009,0.006,0.006,0.002,0,-1,0,0,25
[2026-08-28 10:10:42] 5409,3,0.010,0.002,0.002,0.010,0,-1,0,0,25
[2026-08-28 10:10:42] 5434,0,0.000,0.000,0.000,0.000,-1,-1,0,0,25
[2026-08-28 10:10:42] 5463,4,0.003,0.003,0.000,0.008,3,-1,0,0,25
[2026-08-28 10:10:42] 5489,1,0.005,0.005,0.005,0.005,3,-1,0,0,25
[2026-08-28 10:10:42] 5518,2,0.001,0.005,0.009,0.000,2,-1,0,0,25
[2026-08-28 10:10:42] 5549,7,0.001,0.004,0.002,0.001,1,-1,0,0,25
[2026-08-28 10:10:43] 5577,1,0.005,0.005,0.005,0.005,3,-1,0,0,26
[2026-08-28 10:10:43] 5606,1,0.005,0.005,0.005,0.005,3,-1,0,0,26
[2026-08-28 10:10:43] 5633,3,0.001,0.008,0.011,0.002,2,-1,0,0,26
[2026-08-28 10:10:43] 5661,2,0.007,0.000,0.007,0.009,3,-1,0,0,26
[2026-08-28 10:10:43] 5688,1,0.005,0.005,0.005,0.005,3,-1,0,0,26
[2026-08-28 10:10:43] 5712,0,0.000,0.000,0.000,0.000,-1,-1,0,0,26
[2026-08-28 10:10:43] 5737,0,0.000,0.000,0.000,0.000,-1,-1,0,0,26
[2026-08-28 10:10:43] 5763,0,0.000,0.000,0.000,0.000,-1,-1,0,0,26
[2026-08-28 10:10:43] 5787,0,0.000,0.000,0.000,0.000,-1,-1,0,0,26
[2026-08-28 10:10:43] 5815,1,0.005,0.005,0.005,0.005,3,-1,0,0,26
[2026-08-28 10:10:43] 5846,4,0.009,0.002,0.000,0.007,0,-1,0,0,26
[2026-08-28 10:10:43] 5874,2,0.001,0.005,0.009,0.010,3,-1,0,0,26
[2026-08-28 10:10:43] 5906,3,0.003,0.002,0.002,0.007,3,-1,0,0,27
[2026-08-28 10:10:43] 5937,7,0.000,0.021,0.002,0.008,1,-1,0,0,27
[2026-08-28 10:10:43] 5965,2,0.001,0.005,0.009,0.010,3,-1,0,0,27
[2026-08-28 10:10:43] 5996,1,0.005,0.005,0.005,0.005,1,-1,0,0,27
[2026-08-28 10:10:43] 6025,1,0.005,0.005,0.005,0.005,1,-1,0,0,27
[2026-08-28 10:10:43] 6056,2,0.001,0.000,0.001,0.003,3,-1,0,0,28
[2026-08-28 10:10:43] 6087,6,0.003,0.007,0.005,0.009,3,-1,0,0,28
[2026-08-28 10:10:43] 6112,0,0.000,0.000,0.000,0.000,-1,-1,0,0,28
[2026-08-28 10:10:43] 6136,0,0.000,0.000,0.000,0.000,-1,-1,0,0,28
[2026-08-28 10:10:43] 6165,3,0.004,0.008,0.000,0.006,1,-1,0,0,28
[2026-08-28 10:10:43] 6196,2,0.007,0.005,0.003,0.002,0,-1,0,0,28
[2026-08-28 10:10:43] 6220,0,0.000,0.000,0.000,0.000,-1,-1,0,0,28
[2026-08-28 10:10:43] 6247,3,0.010,0.008,0.002,0.000,0,-1,0,0,28
[2026-08-28 10:10:43] 6276,1,0.005,0.005,0.005,0.005,3,-1,0,0,29
[2026-08-28 10:10:43] 6300,0,0.000,0.000,0.000,0.000,-1,-1,0,0,29
[2026-08-28 10:10:43] 6331,3,0.003,0.015,0.003,0.010,1,-1,0,0,29
[2026-08-28 10:10:43] 6355,0,0.000,0.000,0.000,0.000,-1,-1,0,0,29
[2026-08-28 10:10:43] 6380,0,0.000,0.000,0.000,0.000,-1,-1,0,0,29
[2026-08-28 10:10:43] 6405,0,0.000,0.000,0.000,0.000,-1,-1,0,0,29
[2026-08-28 10:10:43] 6435,2,0.001,0.010,0.001,0.007,1,-1,0,0,29
[2026-08-28 10:10:43] 6465,1,0.005,0.005,0.005,0.005,3,-1,0,0,29
[2026-08-28 10:10:43] 6496,1,0.005,0.005,0.005,0.005,1,-1,0,0,29
[2026-08-28 10:10:43] 6524,1,0.005,0.005,0.005,0.005,3,-1,0,0,29
[2026-08-28 10:10:44] 6554,2,0.001,0.005,0.009,0.010,3,-1,0,0,30
[2026-08-28 10:10:44] 6585,2,0.001,0.005,0.009,0.000,2,-1,0,0,30
[2026-08-28 10:10:44] 6616,1,0.005,0.005,0.005,0.005,1,-1,0,0,30
[2026-08-28 10:10:44] 6645,4,0.006,0.003,0.012,0.004,2,-1,0,0,30
[2026-08-28 10:10:44] 6673,2,0.007,0.010,0.007,0.001,1,-1,0,0,30
[2026-08-28 10:10:44] 6699,0,0.000,0.000,0.000,0.000,-1,-1,0,0,31
[2026-08-28 10:10:44] 6728,2,0.007,0.010,0.007,0.001,1,-1,0,0,31
[2026-08-28 10:10:44] 6760,2,0.001,0.000,0.001,0.003,3,-1,0,0,31
[2026-08-28 10:10:44] 6785,0,0.000,0.000,0.000,0.000,-1,-1,0,0,31
[2026-08-28 10:10:44] 6813,3,0.010,0.008,0.002,0.000,0,-1,0,0,31
[2026-08-28 10:10:44] 6839,1,0.005,0.005,0.005,0.005,3,-1,0,0,31
[2026-08-28 10:10:44] 6864,0,0.000,0.000,0.000,0.000,-1,-1,0,0,31
[2026-08-28 10:10:44] 6891,2,0.007,0.005,0.003,0.002,0,-1,0,0,31
[2026-08-28 10:10:44] 6916,0,0.000,0.000,0.000,0.000,-1,-1,0,0,31
[2026-08-28 10:10:44] 6940,0,0.000,0.000,0.000,0.000,-1,-1,0,0,31
[2026-08-28 10:10:44] 6965,0,0.000,0.000,0.000,0.000,-1,-1,0,0,31
[2026-08-28 10:10:44] 6995,4,0.001,0.000,0.001,0.005,3,-1,0,0,31
[2026-08-28 10:10:44] 7023,1,0.005,0.005,0.005,0.005,3,-1,0,0,31
[2026-08-28 10:10:44] 7048,0,0.000,0.000,0.000,0.000,-1,-1,0,0,32
[2026-08-28 10:10:44] 7072,0,0.000,0.000,0.000,0.000,-1,-1,0,0,32
[2026-08-28 10:10:44] 7101,1,0.005,0.005,0.005,0.005,3,-1,0,0,32
[2026-08-28 10:10:44] 7132,1,0.005,0.005,0.005,0.005,1,-1,0,0,32
[2026-08-28 10:10:44] 7160,1,0.005,0.005,0.005,0.005,3,-1,0,0,32
[2026-08-28 10:10:44] 7186,1,0.005,0.005,0.005,0.005,3,-1,0,0,32
[2026-08-28 10:10:44] 7215,1,0.005,0.005,0.005,0.005,3,-1,0,0,32
[2026-08-28 10:10:44] 7245,4,0.000,0.010,0.002,0.013,3,-1,0,0,32
[2026-08-28 10:10:44] 7273,1,0.005,0.005,0.005,0.005,3,-1,0,0,32
[2026-08-28 10:10:44] 7304,2,0.001,0.005,0.009,0.010,3,-1,0,0,33
[2026-08-28 10:10:44] 7334,1,0.005,0.005,0.005,0.005,1,-1,0,0,33
[2026-08-28 10:10:44] 7359,0,0.000,0.000,0.000,0.000,-1,-1,0,0,33
[2026-08-28 10:10:44] 7386,1,0.005,0.005,0.005,0.005,3,-1,0,0,33
[2026-08-28 10:10:44] 7414,1,0.005,0.005,0.005,0.005,3,-1,0,0,33
[2026-08-28 10:10:44] 7444,3,0.010,0.008,0.002,0.004,0,-1,0,0,33
[2026-08-28 10:10:44] 7472,1,0.005,0.005,0.005,0.005,1,-1,0,0,33
[2026-08-28 10:10:44] 7502,5,0.005,0.013,0.004,0.004,1,-1,0,0,34
[2026-08-28 10:10:44] 7528,1,0.005,0.005,0.005,0.005,3,-1,0,0,34
[2026-08-28 10:10:45] 7559,1,0.005,0.005,0.005,0.005,1,-1,0,0,34
[2026-08-28 10:10:45] 7584,1,0.005,0.005,0.005,0.005,1,-1,0,0,34
[2026-08-28 10:10:45] 7613,7,0.009,0.001,0.002,0.002,0,-1,0,0,34
[2026-08-28 10:10:45] 7645,6,0.002,0.002,0.000,0.007,3,-1,0,0,34
[2026-08-28 10:10:45] 7669,0,0.000,0.000,0.000,0.000,-1,-1,0,0,34
[2026-08-28 10:10:45] 7695,3,0.004,0.002,0.000,0.000,0,-1,0,0,34
[2026-08-28 10:10:45] 7719,0,0.000,0.000,0.000,0.000,-1,-1,0,0,34
[2026-08-28 10:10:45] 7750,6,0.012,0.008,0.002,0.000,0,-1,0,0,34
[2026-08-28 10:10:45] 7779,1,0.005,0.005,0.005,0.005,3,-1,0,0,35
[2026-08-28 10:10:45] 7808,1,0.005,0.005,0.005,0.005,1,-1,0,0,35
[2026-08-28 10:10:45] 7838,3,0.004,0.002,0.004,0.004,0,-1,0,0,35
[2026-08-28 10:10:45] 7866,2,0.010,0.005,0.000,0.005,0,-1,0,0,35
[2026-08-28 10:10:45] 7892,3,0.003,0.008,0.002,0.009,3,-1,0,0,35
[2026-08-28 10:10:45] 7922,2,0.007,0.000,0.007,0.009,3,-1,0,0,35
[2026-08-28 10:10:45] 7948,2,0.010,0.010,0.010,0.010,1,-1,0,0,36
[2026-08-28 10:10:45] 7972,0,0.000,0.000,0.000,0.000,-1,-1,0,0,36
[2026-08-28 10:10:45] 8001,6,0.001,0.003,0.005,0.002,2,-1,0,0,36
[2026-08-28 10:10:45] 8032,3,0.001,0.002,0.004,0.003,2,-1,0,0,36
[2026-08-28 10:10:45] 8061,4,0.001,0.000,0.006,0.006,3,-1,0,0,36
[2026-08-28 10:10:45] 8092,4,0.000,0.005,0.002,0.004,1,-1,0,0,36
[2026-08-28 10:10:45] 8117,0,0.000,0.000,0.000,0.000,-1,-1,0,0,36
[2026-08-28 10:10:45] 8146,6,0.003,0.003,0.005,0.007,3,-1,0,0,36
[2026-08-28 10:10:45] 8175,3,0.010,0.008,0.006,0.004,0,-1,0,0,36
[2026-08-28 10:10:45] 8207,2,0.001,0.000,0.001,0.003,3,-1,0,0,37
[2026-08-28 10:10:45] 8231,0,0.000,0.000,0.000,0.000,-1,-1,0,0,37
[2026-08-28 10:10:45] 8256,0,0.000,0.000,0.000,0.000,-1,-1,0,0,37
[2026-08-28 10:10:45] 8286,5,0.009,0.009,0.008,0.010,3,-1,0,0,37
[2026-08-28 10:10:45] 8315,2,0.010,0.005,0.000,0.005,0,-1,0,0,37
[2026-08-28 10:10:45] 8340,0,0.000,0.000,0.000,0.000,-1,-1,0,0,37
[2026-08-28 10:10:45] 8365,0,0.000,0.000,0.000,0.000,-1,-1,0,0,37
[2026-08-28 10:10:45] 8389,0,0.000,0.000,0.000,0.000,-1,-1,0,0,37
[2026-08-28 10:10:45] 8418,2,0.001,0.000,0.001,0.003,3,-1,0,0,37
[2026-08-28 10:10:45] 8448,2,0.001,0.005,0.009,0.000,2,-1,0,0,37
[2026-08-28 10:10:45] 8476,1,0.005,0.005,0.005,0.005,3,-1,0,0,38
[2026-08-28 10:10:45] 8501,0,0.000,0.000,0.000,0.000,-1,-1,0,0,38
[2026-08-28 10:10:45] 8530,5,0.009,0.001,0.001,0.014,3,-1,0,0,38
[2026-08-28 10:10:46] 8555,0,0.000,0.000,0.000,0.000,-1,-1,0,0,38
[2026-08-28 10:10:46] 8586,3,0.003,0.002,0.003,0.002,0,-1,0,0,38
[2026-08-28 10:10:46] 8614,2,0.007,0.010,0.007,0.001,1,-1,0,0,38
[2026-08-28 10:10:46] 8644,3,0.004,0.002,0.004,0.004,0,-1,0,0,38
[2026-08-28 10:10:46] 8674,2,0.010,0.000,0.010,0.000,0,-1,0,0,38
[2026-08-28 10:10:46] 8705,3,0.004,0.008,0.008,0.004,1,-1,0,0,39
[2026-08-28 10:10:46] 8731,1,0.005,0.005,0.005,0.005,1,-1,0,0,39
[2026-08-28 10:10:46] 8756,0,0.000,0.000,0.000,0.000,-1,-1,0,0,39
[2026-08-28 10:10:46] 8785,4,0.003,0.002,0.000,0.002,0,-1,0,0,39
[2026-08-28 10:10:46] 8814,4,0.006,0.003,0.003,0.014,3,-1,0,0,39
[2026-08-28 10:10:46] 8846,5,0.001,0.017,0.003,0.001,1,-1,0,0,39
[2026-08-28 10:10:46] 8870,0,0.000,0.000,0.000,0.000,-1,-1,0,0,39
[2026-08-28 10:10:46] 8901,6,0.006,0.002,0.002,0.012,3,-1,0,0,39
[2026-08-28 10:10:46] 8930,1,0.005,0.005,0.005,0.005,3,-1,0,0,40
[2026-08-28 10:10:46] 8957,1,0.005,0.005,0.005,0.005,3,-1,0,0,40
[2026-08-28 10:10:46] 8989,2,0.001,0.010,0.001,0.007,1,-1,0,0,40
[2026-08-28 10:10:46] 9018,1,0.005,0.005,0.005,0.005,3,-1,0,0,40
[2026-08-28 10:10:46] 9042,0,0.000,0.000,0.000,0.000,-1,-1,0,0,40
[2026-08-28 10:10:46] 9067,0,0.000,0.000,0.000,0.000,-1,-1,0,0,40
[2026-08-28 10:10:46] 9094,2,0.001,0.005,0.009,0.000,2,-1,0,0,40
[2026-08-28 10:10:46] 9122,2,0.007,0.005,0.003,0.002,0,-1,0,0,40
[2026-08-28 10:10:46] 9152,2,0.007,0.005,0.003,0.008,3,-1,0,0,41
[2026-08-28 10:10:46] 9179,1,0.005,0.005,0.005,0.005,1,-1,0,0,41
[2026-08-28 10:10:46] 9207,3,0.004,0.002,0.008,0.003,2,-1,0,0,41
[2026-08-28 10:10:46] 9238,3,0.004,0.008,0.008,0.004,1,-1,0,0,41
[2026-08-28 10:10:46] 9266,1,0.005,0.005,0.005,0.005,3,-1,0,0,41
[2026-08-28 10:10:46] 9290,0,0.000,0.000,0.000,0.000,-1,-1,0,0,41
[2026-08-28 10:10:46] 9319,3,0.001,0.015,0.001,0.004,1,-1,0,0,41
[2026-08-28 10:10:46] 9347,2,0.001,0.000,0.001,0.003,3,-1,0,0,41
[2026-08-28 10:10:46] 9371,0,0.000,0.000,0.000,0.000,-1,-1,0,0,41
[2026-08-28 10:10:46] 9396,0,0.000,0.000,0.000,0.000,-1,-1,0,0,41
[2026-08-28 10:10:46] 9423,1,0.005,0.005,0.005,0.005,3,-1,0,0,41
[2026-08-28 10:10:46] 9454,2,0.010,0.005,0.000,0.005,0,-1,0,0,42
[2026-08-28 10:10:46] 9484,2,0.001,0.005,0.009,0.000,2,-1,0,0,42
[2026-08-28 10:10:46] 9511,2,0.007,0.010,0.007,0.001,1,-1,0,0,42
[2026-08-28 10:10:46] 9542,4,0.003,0.005,0.008,0.003,2,-1,0,0,42
[2026-08-28 10:10:47] 9570,3,0.001,0.002,0.004,0.005,3,-1,0,0,42
[2026-08-28 10:10:47] 9601,4,0.009,0.003,0.000,0.010,3,-1,0,0,42
[2026-08-28 10:10:47] 9629,3,0.001,0.002,0.004,0.005,3,-1,0,0,43
[2026-08-28 10:10:47] 9658,2,0.007,0.000,0.007,0.009,3,-1,0,0,43
[2026-08-28 10:10:47] 9688,1,0.005,0.005,0.005,0.005,1,-1,0,0,43
[2026-08-28 10:10:47] 9717,2,0.001,0.010,0.001,0.007,1,-1,0,0,43
[2026-08-28 10:10:47] 9748,4,0.003,0.002,0.004,0.000,2,-1,0,0,43
[2026-08-28 10:10:47] 9773,0,0.000,0.000,0.000,0.000,-1,-1,0,0,44
[2026-08-28 10:10:47] 9800,3,0.003,0.002,0.014,0.002,2,-1,0,0,44
[2026-08-28 10:10:47] 9826,1,0.005,0.005,0.005,0.005,1,-1,0,0,44
[2026-08-28 10:10:47] 9851,0,0.000,0.000,0.000,0.000,-1,-1,0,0,44
[2026-08-28 10:10:47] 9882,5,0.001,0.005,0.005,0.004,2,-1,0,0,44
[2026-08-28 10:10:47] 9907,0,0.000,0.000,0.000,0.000,-1,-1,0,0,44
[2026-08-28 10:10:47] 9931,0,0.000,0.000,0.000,0.000,-1,-1,0,0,44
[2026-08-28 10:10:47] 9960,6,0.014,0.000,0.008,0.003,0,-1,0,0,44
[2026-08-28 10:10:47] 9991,6,0.012,0.002,0.002,0.003,0,-1,0,0,44
[2026-08-28 10:10:47] 10015,0,0.000,0.000,0.000,0.000,-1,-1,0,0,44
[2026-08-28 10:10:47] 10042,5,0.001,0.013,0.005,0.001,1,-1,0,0,44
[2026-08-28 10:10:47] 10071,1,0.005,0.005,0.005,0.005,3,-1,0,0,44
[2026-08-28 10:10:47] 10096,1,0.005,0.005,0.005,0.005,1,-1,0,0,44
[2026-08-28 10:10:47] 10125,2,0.001,0.000,0.001,0.003,3,-1,0,0,44
[2026-08-28 10:10:47] 10149,0,0.000,0.000,0.000,0.000,-1,-1,0,0,45
[2026-08-28 10:10:47] 10180,4,0.003,0.005,0.005,0.001,1,-1,0,0,45
[2026-08-28 10:10:47] 10205,0,0.000,0.000,0.000,0.000,-1,-1,0,0,45
[2026-08-28 10:10:47] 10235,3,0.003,0.015,0.003,0.010,1,-1,0,0,45
[2026-08-28 10:10:47] 10260,0,0.000,0.000,0.000,0.000,-1,-1,0,0,45
[2026-08-28 10:10:47] 10285,0,0.000,0.000,0.000,0.000,-1,-1,0,0,45
[2026-08-28 10:10:47] 10312,3,0.003,0.002,0.002,0.007,3,-1,0,0,45
[2026-08-28 10:10:47] 10343,1,0.005,0.005,0.005,0.005,3,-1,0,0,45
[2026-08-28 10:10:47] 10371,1,0.005,0.005,0.005,0.005,3,-1,0,0,45
[2026-08-28 10:10:47] 10396,0,0.000,0.000,0.000,0.000,-1,-1,0,0,45
[2026-08-28 10:10:47] 10424,2,0.010,0.000,0.010,0.000,0,-1,0,0,45
[2026-08-28 10:10:47] 10456,1,0.005,0.005,0.005,0.005,1,-1,0,0,46
[2026-08-28 10:10:47] 10486,6,0.001,0.003,0.001,0.005,3,-1,0,0,46
[2026-08-28 10:10:47] 10511,0,0.000,0.000,0.000,0.000,-1,-1,0,0,46
[2026-08-28 10:10:47] 10542,2,0.007,0.010,0.007,0.001,1,-1,0,0,46
[2026-08-28 10:10:48] 10569,3,0.010,0.008,0.006,0.004,0,-1,0,0,46
[2026-08-28 10:10:48] 10595,1,0.005,0.005,0.005,0.005,0,-1,0,0,46
[2026-08-28 10:10:48] 10619,0,0.000,0.000,0.000,0.000,-1,-1,0,0,46
[2026-08-28 10:10:48] 10650,3,0.010,0.002,0.002,0.006,0,-1,0,0,46
[2026-08-28 10:10:48] 10679,1,0.005,0.005,0.005,0.005,3,-1,0,0,47
[2026-08-28 10:10:48] 10703,0,0.000,0.000,0.000,0.000,-1,-1,0,0,47
[2026-08-28 10:10:48] 10734,3,0.003,0.008,0.002,0.003,1,-1,0,0,47
[2026-08-28 10:10:48] 10760,0,0.000,0.000,0.000,0.000,-1,-1,0,0,47
[2026-08-28 10:10:48] 10784,0,0.000,0.000,0.000,0.000,-1,-1,0,0,47
[2026-08-28 10:10:48] 10812,1,0.005,0.005,0.005,0.005,3,-1,0,0,47
[2026-08-28 10:10:48] 10843,2,0.001,0.010,0.001,0.007,1,-1,0,0,47
[2026-08-28 10:10:48] 10867,0,0.000,0.000,0.000,0.000,-1,-1,0,0,47
[2026-08-28 10:10:48] 10892,0,0.000,0.000,0.000,0.000,-1,-1,0,0,47
[2026-08-28 10:10:48] 10920,1,0.005,0.005,0.005,0.005,1,-1,0,0,47
[2026-08-28 10:10:48] 10946,1,0.005,0.005,0.005,0.005,1,-1,0,0,47
[2026-08-28 10:10:48] 10972,0,0.000,0.000,0.000,0.000,-1,-1,0,0,47
[2026-08-28 10:10:48] 10996,0,0.000,0.000,0.000,0.000,-1,-1,0,0,47
[2026-08-28 10:10:48] 11025,2,0.010,0.010,0.010,0.010,3,-1,0,0,47
[2026-08-28 10:10:48] 11057,1,0.005,0.005,0.005,0.005,1,-1,0,0,48
[2026-08-28 10:10:48] 11087,4,0.003,0.000,0.005,0.010,3,-1,0,0,48
[2026-08-28 10:10:48] 11115,2,0.001,0.005,0.009,0.010,3,-1,0,0,48
[2026-08-28 10:10:48] 11141,0,0.000,0.000,0.000,0.000,-1,-1,0,0,48
[2026-08-28 10:10:48] 11168,1,0.005,0.005,0.005,0.005,3,-1,0,0,48
[2026-08-28 10:10:48] 11198,6,0.000,0.002,0.001,0.015,3,-1,0,0,48
[2026-08-28 10:10:48] 11227,3,0.010,0.008,0.002,0.000,0,-1,0,0,49
[2026-08-28 10:10:48] 11258,2,0.010,0.005,0.000,0.005,0,-1,0,0,49
[2026-08-28 10:10:48] 11288,2,0.001,0.000,0.001,0.003,3,-1,0,0,49
[2026-08-28 10:10:48] 11317,1,0.005,0.005,0.005,0.005,3,-1,0,0,49
[2026-08-28 10:10:48] 11347,1,0.005,0.005,0.005,0.005,1,-1,0,0,49
[2026-08-28 10:10:48] 11375,2,0.001,0.000,0.001,0.003,3,-1,0,0,50
[2026-08-28 10:10:48] 11404,1,0.005,0.005,0.005,0.005,3,-1,0,0,50
[2026-08-28 10:10:48] 11429,2,0.007,0.005,0.003,0.008,3,-1,0,0,50
[2026-08-28 10:10:48] 11457,1,0.005,0.005,0.005,0.005,3,-1,0,0,50
[2026-08-28 10:10:48] 11488,2,0.001,0.005,0.009,0.010,3,-1,0,0,50
[2026-08-28 10:10:48] 11516,5,0.009,0.013,0.001,0.001,1,-1,0,0,50
[2026-08-28 10:10:48] 11547,3,0.010,0.002,0.010,0.002,2,-1,0,0,50
[2026-08-28 10:10:49] 11576,1,0.005,0.005,0.005,0.005,1,-1,0,0,51
[2026-08-28 10:10:49] 11604,1,0.005,0.005,0.005,0.005,3,-1,0,0,51
[2026-08-28 10:10:49] 11635,5,0.004,0.001,0.000,0.002,0,-1,0,0,51
[2026-08-28 10:10:49] 11660,0,0.000,0.000,0.000,0.000,-1,-1,0,0,51
[2026-08-28 10:10:49] 11691,3,0.003,0.002,0.014,0.002,2,-1,0,0,51
[2026-08-28 10:10:49] 11715,0,0.000,0.000,0.000,0.000,-1,-1,0,0,51
[2026-08-28 10:10:49] 11746,2,0.007,0.000,0.007,0.009,3,-1,0,0,51
[2026-08-28 10:10:49] 11773,1,0.005,0.005,0.005,0.005,1,-1,0,0,51
[2026-08-28 10:10:49] 11804,4,0.013,0.012,0.005,0.006,0,-1,0,0,52
[2026-08-28 10:10:49] 11836,2,0.007,0.005,0.003,0.008,3,-1,0,0,52
[2026-08-28 10:10:49] 11860,0,0.000,0.000,0.000,0.000,-1,-1,0,0,52
[2026-08-28 10:10:49] 11891,1,0.005,0.005,0.005,0.005,1,-1,0,0,52
[2026-08-28 10:10:49] 11916,0,0.000,0.000,0.000,0.000,-1,-1,0,0,52
[2026-08-28 10:10:49] 11947,1,0.005,0.005,0.005,0.005,1,-1,0,0,52
[2026-08-28 10:10:49] 11971,0,0.000,0.000,0.000,0.000,-1,-1,0,0,53
[2026-08-28 10:10:49] 12001,2,0.010,0.005,0.000,0.005,0,-1,0,0,53
[2026-08-28 10:10:49] 12025,0,0.000,0.000,0.000,0.000,-1,-1,0,0,53
[2026-08-28 10:10:49] 12050,0,0.000,0.000,0.000,0.000,-1,-1,0,0,53
[2026-08-28 10:10:49] 12081,2,0.001,0.000,0.001,0.003,3,-1,0,0,53
[2026-08-28 10:10:49] 12109,1,0.005,0.005,0.005,0.005,3,-1,0,0,53
[2026-08-28 10:10:49] 12134,0,0.000,0.000,0.000,0.000,-1,-1,0,0,53
[2026-08-28 10:10:49] 12162,2,0.001,0.000,0.001,0.003,3,-1,0,0,53
[2026-08-28 10:10:49] 12192,2,0.010,0.000,0.010,0.000,0,-1,0,0,53
[2026-08-28 10:10:49] 12221,1,0.005,0.005,0.005,0.005,3,-1,0,0,53
[2026-08-28 10:10:49] 12248,3,0.001,0.008,0.004,0.001,1,-1,0,0,53
[2026-08-28 10:10:49] 12275,2,0.007,0.005,0.003,0.002,0,-1,0,0,54
[2026-08-28 10:10:49] 12300,0,0.000,0.000,0.000,0.000,-1,-1,0,0,54
[2026-08-28 10:10:49] 12331,2,0.007,0.000,0.007,0.009,3,-1,0,0,54
[2026-08-28 10:10:49] 12358,1,0.005,0.005,0.005,0.005,1,-1,0,0,54
[2026-08-28 10:10:49] 12383,0,0.000,0.000,0.000,0.000,-1,-1,0,0,54
[2026-08-28 10:10:49] 12411,1,0.005,0.005,0.005,0.005,3,-1,0,0,54
[2026-08-28 10:10:49] 12442,1,0.005,0.005,0.005,0.005,1,-1,0,0,54
[2026-08-28 10:10:49] 12470,1,0.005,0.005,0.005,0.005,3,-1,0,0,54
[2026-08-28 10:10:49] 12502,2,0.007,0.005,0.003,0.002,0,-1,0,0,54
[2026-08-28 10:10:49] 12526,0,0.000,0.000,0.000,0.000,-1,-1,0,0,55
[2026-08-28 10:10:50] 12554,1,0.005,0.005,0.005,0.005,3,-1,0,0,55
[2026-08-28 10:10:50] 12580,1,0.005,0.005,0.005,0.005,1,-1,0,0,55
[2026-08-28 10:10:50] 12609,1,0.005,0.005,0.005,0.005,3,-1,0,0,55
[2026-08-28 10:10:50] 12634,0,0.000,0.000,0.000,0.000,-1,-1,0,0,55
[2026-08-28 10:10:50] 12662,4,0.009,0.003,0.010,0.005,2,-1,0,0,55
[2026-08-28 10:10:50] 12693,1,0.005,0.005,0.005,0.005,1,-1,0,0,55
[2026-08-28 10:10:50] 12722,4,0.006,0.003,0.003,0.005,0,-1,0,0,55
[2026-08-28 10:10:50] 12747,2,0.007,0.005,0.003,0.002,0,-1,0,0,55
[2026-08-28 10:10:50] 12773,0,0.000,0.000,0.000,0.000,-1,-1,0,0,56
[2026-08-28 10:10:50] 12801,2,0.001,0.005,0.009,0.000,2,-1,0,0,56
[2026-08-28 10:10:50] 12826,1,0.005,0.005,0.005,0.005,3,-1,0,0,56
[2026-08-28 10:10:50] 12855,1,0.005,0.005,0.005,0.005,3,-1,0,0,56
[2026-08-28 10:10:50] 12886,3,0.004,0.002,0.008,0.003,2,-1,0,0,56
[2026-08-28 10:10:50] 12913,1,0.005,0.005,0.005,0.005,3,-1,0,0,56
[2026-08-28 10:10:50] 12944,2,0.001,0.005,0.009,0.000,2,-1,0,0,56
[2026-08-28 10:10:50] 12968,0,0.000,0.000,0.000,0.000,-1,-1,0,0,56
[2026-08-28 10:10:50] 12999,2,0.007,0.005,0.003,0.008,3,-1,0,0,56
[2026-08-28 10:10:50] 13024,0,0.000,0.000,0.000,0.000,-1,-1,0,0,57
[2026-08-28 10:10:50] 13052,1,0.005,0.005,0.005,0.005,3,-1,0,0,57
[2026-08-28 10:10:50] 13078,1,0.005,0.005,0.005,0.005,1,-1,0,0,57
[2026-08-28 10:10:50] 13103,0,0.000,0.000,0.000,0.000,-1,-1,0,0,57
[2026-08-28 10:10:50] 13133,3,0.010,0.008,0.002,0.000,0,-1,0,0,57
[2026-08-28 10:10:50] 13161,1,0.005,0.005,0.005,0.005,3,-1,0,0,57
[2026-08-28 10:10:50] 13191,1,0.005,0.005,0.005,0.005,3,-1,0,0,57
[2026-08-28 10:10:50] 13215,0,0.000,0.000,0.000,0.000,-1,-1,0,0,57
[2026-08-28 10:10:50] 13242,2,0.007,0.000,0.007,0.009,3,-1,0,0,57
[2026-08-28 10:10:50] 13270,1,0.005,0.005,0.005,0.005,3,-1,0,0,57
[2026-08-28 10:10:50] 13300,8,0.014,0.001,0.009,0.003,0,-1,0,0,57
[2026-08-28 10:10:50] 13329,1,0.005,0.005,0.005,0.005,3,-1,0,0,58
[2026-08-28 10:10:50] 13357,1,0.005,0.005,0.005,0.005,3,-1,0,0,58
[2026-08-28 10:10:50] 13381,0,0.000,0.000,0.000,0.000,-1,-1,0,0,58
[2026-08-28 10:10:50] 13410,2,0.007,0.005,0.003,0.002,0,-1,0,0,58
[2026-08-28 10:10:50] 13441,1,0.005,0.005,0.005,0.005,1,-1,0,0,58
[2026-08-28 10:10:50] 13468,1,0.005,0.005,0.005,0.005,3,-1,0,0,58
[2026-08-28 10:10:50] 13493,0,0.000,0.000,0.000,0.000,-1,-1,0,0,58
[2026-08-28 10:10:50] 13517,0,0.000,0.000,0.000,0.000,-1,-1,0,0,58
[2026-08-28 10:10:51] 13548,3,0.010,0.008,0.006,0.004,0,-1,0,0,58
[2026-08-28 10:10:51] 13573,0,0.000,0.000,0.000,0.000,-1,-1,0,0,59
[2026-08-28 10:10:51] 13601,2,0.010,0.000,0.010,0.000,0,-1,0,0,59
[2026-08-28 10:10:51] 13632,1,0.005,0.005,0.005,0.005,1,-1,0,0,59
[2026-08-28 10:10:51] 13660,1,0.005,0.005,0.005,0.005,3,-1,0,0,59
[2026-08-28 10:10:51] 13684,0,0.000,0.000,0.000,0.000,-1,-1,0,0,59
[2026-08-28 10:10:51] 13713,4,0.001,0.000,0.001,0.001,2,-1,0,0,59
[2026-08-28 10:10:51] 13744,2,0.007,0.005,0.003,0.002,0,-1,0,0,59
[2026-08-28 10:10:51] 13772,1,0.005,0.005,0.005,0.005,3,-1,0,0,59
[2026-08-28 10:10:51] 13797,0,0.000,0.000,0.000,0.000,-1,-1,0,0,60
[2026-08-28 10:10:51] 13821,0,0.000,0.000,0.000,0.000,-1,-1,0,0,60
[2026-08-28 10:10:51] 13853,2,0.007,0.005,0.003,0.008,3,-1,0,0,60
[2026-08-28 10:10:51] 13885,2,0.007,0.005,0.003,0.002,0,-1,0,0,60
[2026-08-28 10:10:51] 13910,0,0.000,0.000,0.000,0.000,-1,-1,0,0,60
[2026-08-28 10:10:51] 13940,1,0.005,0.005,0.005,0.005,3,-1,0,0,60
[2026-08-28 10:10:51] 13965,0,0.000,0.000,0.000,0.000,-1,-1,0,0,60
[2026-08-28 10:10:51] 13996,2,0.001,0.000,0.001,0.003,3,-1,0,0,60
[2026-08-28 10:10:51] 14024,1,0.005,0.005,0.005,0.005,1,-1,0,0,60
[2026-08-28 10:10:51] 14050,2,0.007,0.005,0.003,0.002,0,-1,0,0,61
[2026-08-28 10:10:51] 14082,3,0.001,0.008,0.011,0.002,2,-1,0,0,61
[2026-08-28 10:10:51] 14110,3,0.004,0.002,0.000,0.000,0,-1,0,0,61
[2026-08-28 10:10:51] 14141,2,0.007,0.005,0.003,0.008,3,-1,0,0,61
[2026-08-28 10:10:51] 14170,2,0.001,0.000,0.001,0.003,3,-1,0,0,61
[2026-08-28 10:10:51] 14199,3,0.004,0.008,0.008,0.001,1,-1,0,0,61
[2026-08-28 10:10:51] 14228,3,0.004,0.002,0.000,0.000,0,-1,0,0,62
[2026-08-28 10:10:51] 14256,1,0.005,0.005,0.005,0.005,3,-1,0,0,62
[2026-08-28 10:10:51] 14286,4,0.006,0.000,0.006,0.002,2,-1,0,0,62
[2026-08-28 10:10:51] 14311,0,0.000,0.000,0.000,0.000,-1,-1,0,0,62
[2026-08-28 10:10:51] 14341,2,0.007,0.005,0.003,0.002,0,-1,0,0,62
[2026-08-28 10:10:51] 14368,1,0.005,0.005,0.005,0.005,3,-1,0,0,62
[2026-08-28 10:10:51] 14395,1,0.005,0.005,0.005,0.005,3,-1,0,0,62
[2026-08-28 10:10:51] 14419,0,0.000,0.000,0.000,0.000,-1,-1,0,0,62
[2026-08-28 10:10:51] 14448,1,0.005,0.005,0.005,0.005,3,-1,0,0,62
[2026-08-28 10:10:51] 14478,3,0.004,0.008,0.000,0.006,1,-1,0,0,63
[2026-08-28 10:10:51] 14509,3,0.003,0.002,0.002,0.001,0,-1,0,0,63
[2026-08-28 10:10:51] 14533,0,0.000,0.000,0.000,0.000,-1,-1,0,0,63
[2026-08-28 10:10:52] 14562,2,0.001,0.005,0.009,0.000,2,-1,0,0,63
[2026-08-28 10:10:52] 14593,2,0.010,0.005,0.000,0.005,0,-1,0,0,63
[2026-08-28 10:10:52] 14617,0,0.000,0.000,0.000,0.000,-1,-1,0,0,63
[2026-08-28 10:10:52] 14644,2,0.007,0.005,0.003,0.008,3,-1,0,0,63
[2026-08-28 10:10:52] 14671,1,0.005,0.005,0.005,0.005,3,-1,0,0,63
[2026-08-28 10:10:52] 14701,1,0.005,0.005,0.005,0.005,3,-1,0,0,63
[2026-08-28 10:10:52] 14726,0,0.000,0.000,0.000,0.000,-1,-1,0,0,64
[2026-08-28 10:10:52] 14754,3,0.003,0.002,0.002,0.001,0,-1,0,0,64
[2026-08-28 10:10:52] 14785,4,0.003,0.000,0.005,0.010,3,-1,0,0,64
[2026-08-28 10:10:52] 14810,0,0.000,0.000,0.000,0.000,-1,-1,0,0,64
[2026-08-28 10:10:52] 14839,3,0.003,0.002,0.002,0.001,0,-1,0,0,64
[2026-08-28 10:10:52] 14865,0,0.000,0.000,0.000,0.000,-1,-1,0,0,64
[2026-08-28 10:10:52] 14889,0,0.000,0.000,0.000,0.000,-1,-1,0,0,64
[2026-08-28 10:10:52] 14918,1,0.005,0.005,0.005,0.005,3,-1,0,0,64
[2026-08-28 10:10:52] 14943,0,0.000,0.000,0.000,0.000,-1,-1,0,0,64
[2026-08-28 10:10:52] 14967,0,0.000,0.000,0.000,0.000,-1,-1,0,0,64
[2026-08-28 10:10:52] 14992,0,0.000,0.000,0.000,0.000,-1,-1,0,0,64
[2026-08-28 10:10:52] 15016,0,0.000,0.000,0.000,0.000,-1,-1,0,0,64
[2026-08-28 10:10:52] 15047,4,0.015,0.005,0.015,0.019,3,-1,0,0,64
[2026-08-28 10:10:52] 15076,1,0.005,0.005,0.005,0.005,3,-1,0,0,65
[2026-08-28 10:10:52] 15100,0,0.000,0.000,0.000,0.000,-1,-1,0,0,65
[2026-08-28 10:10:52] 15131,2,0.001,0.005,0.009,0.010,3,-1,0,0,65
[2026-08-28 10:10:52] 15156,0,0.000,0.000,0.000,0.000,-1,-1,0,0,65
[2026-08-28 10:10:52] 15185,1,0.005,0.005,0.005,0.005,3,-1,0,0,65
[2026-08-28 10:10:52] 15214,1,0.005,0.005,0.005,0.005,3,-1,0,0,65
[2026-08-28 10:10:52] 15245,5,0.001,0.005,0.005,0.001,1,-1,0,0,65
[2026-08-28 10:10:52] 15273,1,0.005,0.005,0.005,0.005,3,-1,0,0,65
[2026-08-28 10:10:52] 15298,1,0.005,0.005,0.005,0.005,3,-1,0,0,66
[2026-08-28 10:10:52] 15330,4,0.002,0.002,0.005,0.003,2,-1,0,0,66
[2026-08-28 10:10:52] 15358,3,0.004,0.008,0.008,0.004,1,-1,0,0,66
[2026-08-28 10:10:52] 15389,6,0.002,0.007,0.003,0.009,3,-1,0,0,66
[2026-08-28 10:10:52] 15417,1,0.005,0.005,0.005,0.005,3,-1,0,0,66
[2026-08-28 10:10:52] 15443,2,0.001,0.005,0.009,0.010,3,-1,0,0,66
[2026-08-28 10:10:52] 15472,1,0.005,0.005,0.005,0.005,3,-1,0,0,66
[2026-08-28 10:10:52] 15498,2,0.001,0.005,0.009,0.010,3,-1,0,0,67
[2026-08-28 10:10:52] 15529,4,0.009,0.000,0.005,0.004,0,-1,0,0,67
[2026-08-28 10:10:53] 15557,1,0.005,0.005,0.005,0.005,3,-1,0,0,67
[2026-08-28 10:10:53] 15587,1,0.005,0.005,0.005,0.005,3,-1,0,0,67
[2026-08-28 10:10:53] 15614,2,0.007,0.010,0.007,0.001,1,-1,0,0,67
[2026-08-28 10:10:53] 15641,2,0.007,0.005,0.003,0.002,0,-1,0,0,67
[2026-08-28 10:10:53] 15666,0,0.000,0.000,0.000,0.000,-1,-1,0,0,67
[2026-08-28 10:10:53] 15691,2,0.007,0.000,0.007,0.009,3,-1,0,0,67
[2026-08-28 10:10:53] 15716,0,0.000,0.000,0.000,0.000,-1,-1,0,0,67
[2026-08-28 10:10:53] 15742,6,0.006,0.002,0.003,0.007,3,-1,0,0,67
[2026-08-28 10:10:53] 15771,2,0.007,0.005,0.003,0.008,3,-1,0,0,67
[2026-08-28 10:10:53] 15802,4,0.000,0.005,0.000,0.000,1,-1,0,0,67
[2026-08-28 10:10:53] 15830,1,0.005,0.005,0.005,0.005,3,-1,0,0,68
[2026-08-28 10:10:53] 15857,3,0.010,0.008,0.002,0.000,0,-1,0,0,68
[2026-08-28 10:10:53] 15887,7,0.004,0.006,0.004,0.000,1,-1,0,0,68
[2026-08-28 10:10:53] 15916,2,0.001,0.000,0.001,0.003,3,-1,0,0,68
[2026-08-28 10:10:53] 15940,0,0.000,0.000,0.000,0.000,-1,-1,0,0,68
[2026-08-28 10:10:53] 15966,0,0.000,0.000,0.000,0.000,-1,-1,0,0,68
[2026-08-28 10:10:53] 15991,2,0.001,0.000,0.001,0.003,3,-1,0,0,68
[2026-08-28 10:10:53] 16020,1,0.005,0.005,0.005,0.005,3,-1,0,0,68
[2026-08-28 10:10:53] 16047,4,0.001,0.003,0.002,0.001,1,-1,0,0,68
[2026-08-28 10:10:53] 16071,0,0.000,0.000,0.000,0.000,-1,-1,0,0,68
[2026-08-28 10:10:53] 16101,3,0.003,0.002,0.003,0.006,3,-1,0,0,68
[2026-08-28 10:10:53] 16125,0,0.000,0.000,0.000,0.000,-1,-1,0,0,69
[2026-08-28 10:10:53] 16150,0,0.000,0.000,0.000,0.000,-1,-1,0,0,69
[2026-08-28 10:10:53] 16181,3,0.010,0.008,0.006,0.004,0,-1,0,0,69
[2026-08-28 10:10:53] 16209,1,0.005,0.005,0.005,0.005,3,-1,0,0,69
[2026-08-28 10:10:53] 16239,1,0.005,0.005,0.005,0.005,3,-1,0,0,69
[2026-08-28 10:10:53] 16268,5,0.001,0.005,0.007,0.006,2,-1,0,0,69
[2026-08-28 10:10:53] 16292,0,0.000,0.000,0.000,0.000,-1,-1,0,0,69
[2026-08-28 10:10:53] 16317,0,0.000,0.000,0.000,0.000,-1,-1,0,0,69
[2026-08-28 10:10:53] 16344,2,0.001,0.000,0.001,0.003,3,-1,0,0,69
[2026-08-28 10:10:53] 16371,2,0.001,0.010,0.001,0.007,1,-1,0,0,69
[2026-08-28 10:10:53] 16402,3,0.004,0.002,0.004,0.004,0,-1,0,0,69
[2026-08-28 10:10:53] 16430,1,0.005,0.005,0.005,0.005,3,-1,0,0,70
[2026-08-28 10:10:53] 16454,0,0.000,0.000,0.000,0.000,-1,-1,0,0,70
[2026-08-28 10:10:53] 16484,3,0.004,0.002,0.008,0.013,3,-1,0,0,70
[2026-08-28 10:10:53] 16508,0,0.000,0.000,0.000,0.000,-1,-1,0,0,70
[2026-08-28 10:10:53] 16539,1,0.005,0.005,0.005,0.005,1,-1,0,0,70
[2026-08-28 10:10:54] 16567,2,0.001,0.010,0.001,0.007,1,-1,0,0,70
[2026-08-28 10:10:54] 16598,1,0.005,0.005,0.005,0.005,3,-1,0,0,70
[2026-08-28 10:10:54] 16622,0,0.000,0.000,0.000,0.000,-1,-1,0,0,71
[2026-08-28 10:10:54] 16647,0,0.000,0.000,0.000,0.000,-1,-1,0,0,71
[2026-08-28 10:10:54] 16678,4,0.013,0.010,0.000,0.001,0,-1,0,0,71
[2026-08-28 10:10:54] 16703,0,0.000,0.000,0.000,0.000,-1,-1,0,0,71
[2026-08-28 10:10:54] 16733,2,0.007,0.005,0.003,0.008,3,-1,0,0,71
[2026-08-28 10:10:54] 16757,0,0.000,0.000,0.000,0.000,-1,-1,0,0,71
[2026-08-28 10:10:54] 16789,4,0.006,0.000,0.002,0.012,3,-1,0,0,71
[2026-08-28 10:10:54] 16814,0,0.000,0.000,0.000,0.000,-1,-1,0,0,71
[2026-08-28 10:10:54] 16838,0,0.000,0.000,0.000,0.000,-1,-1,0,0,71
[2026-08-28 10:10:54] 16863,0,0.000,0.000,0.000,0.000,-1,-1,0,0,71
[2026-08-28 10:10:54] 16887,0,0.000,0.000,0.000,0.000,-1,-1,0,0,71
[2026-08-28 10:10:54] 16916,2,0.001,0.005,0.009,0.010,3,-1,0,0,71
[2026-08-28 10:10:54] 16947,1,0.005,0.005,0.005,0.005,3,-1,0,0,71
[2026-08-28 10:10:54] 16971,0,0.000,0.000,0.000,0.000,-1,-1,0,0,71
[2026-08-28 10:10:54] 16997,3,0.003,0.008,0.002,0.003,1,-1,0,0,71
[2026-08-28 10:10:54] 17026,1,0.005,0.005,0.005,0.005,3,-1,0,0,72
[2026-08-28 10:10:54] 17053,1,0.005,0.005,0.005,0.005,3,-1,0,0,72
[2026-08-28 10:10:54] 17084,5,0.002,0.001,0.010,0.003,2,-1,0,0,72
[2026-08-28 10:10:54] 17108,0,0.000,0.000,0.000,0.000,-1,-1,0,0,72
[2026-08-28 10:10:54] 17133,0,0.000,0.000,0.000,0.000,-1,-1,0,0,72
[2026-08-28 10:10:54] 17162,4,0.006,0.005,0.002,0.002,0,-1,0,0,72
[2026-08-28 10:10:54] 17191,2,0.001,0.000,0.001,0.003,3,-1,0,0,72
[2026-08-28 10:10:54] 17221,1,0.005,0.005,0.005,0.005,1,-1,0,0,72
[2026-08-28 10:10:54] 17247,1,0.005,0.005,0.005,0.005,3,-1,0,0,72
[2026-08-28 10:10:54] 17274,1,0.005,0.005,0.005,0.005,3,-1,0,0,72
[2026-08-28 10:10:54] 17304,3,0.003,0.002,0.003,0.002,2,-1,0,0,73
[2026-08-28 10:10:54] 17329,0,0.000,0.000,0.000,0.000,-1,-1,0,0,73
[2026-08-28 10:10:54] 17353,0,0.000,0.000,0.000,0.000,-1,-1,0,0,73
[2026-08-28 10:10:54] 17380,1,0.005,0.005,0.005,0.005,3,-1,0,0,73
[2026-08-28 10:10:54] 17404,0,0.000,0.000,0.000,0.000,-1,-1,0,0,73
[2026-08-28 10:10:54] 17431,1,0.005,0.005,0.005,0.005,3,-1,0,0,73
[2026-08-28 10:10:54] 17460,1,0.005,0.005,0.005,0.005,3,-1,0,0,73
[2026-08-28 10:10:54] 17489,5,0.001,0.009,0.020,0.002,2,-1,0,0,73
[2026-08-28 10:10:54] 17517,2,0.001,0.005,0.009,0.010,3,-1,0,0,73
[2026-08-28 10:10:55] 17548,2,0.001,0.005,0.009,0.000,2,-1,0,0,73
[2026-08-28 10:10:55] 17576,1,0.005,0.005,0.005,0.005,3,-1,0,0,74
[2026-08-28 10:10:55] 17604,1,0.005,0.005,0.005,0.005,3,-1,0,0,74
[2026-08-28 10:10:55] 17635,2,0.001,0.000,0.001,0.003,3,-1,0,0,74
[2026-08-28 10:10:55] 17659,0,0.000,0.000,0.000,0.000,-1,-1,0,0,74
[2026-08-28 10:10:55] 17690,3,0.004,0.008,0.008,0.001,1,-1,0,0,74
[2026-08-28 10:10:55] 17719,3,0.001,0.002,0.001,0.000,1,-1,0,0,74
[2026-08-28 10:10:55] 17744,1,0.005,0.005,0.005,0.005,3,-1,0,0,74
[2026-08-28 10:10:55] 17769,0,0.000,0.000,0.000,0.000,-1,-1,0,0,74
[2026-08-28 10:10:55] 17794,0,0.000,0.000,0.000,0.000,-1,-1,0,0,74
[2026-08-28 10:10:55] 17821,1,0.005,0.005,0.005,0.005,3,-1,0,0,74
[2026-08-28 10:10:55] 17848,2,0.001,0.000,0.001,0.003,3,-1,0,0,74
[2026-08-28 10:10:55] 17872,0,0.000,0.000,0.000,0.000,-1,-1,0,0,75
[2026-08-28 10:10:55] 17897,0,0.000,0.000,0.000,0.000,-1,-1,0,0,75
[2026-08-28 10:10:55] 17927,2,0.001,0.005,0.009,0.010,3,-1,0,0,75
[2026-08-28 10:10:55] 17951,0,0.000,0.000,0.000,0.000,-1,-1,0,0,75
[2026-08-28 10:10:55] 17982,3,0.003,0.002,0.003,0.002,2,-1,0,0,75
[2026-08-28 10:10:55] 18007,0,0.000,0.000,0.000,0.000,-1,-1,0,0,75
[2026-08-28 10:10:55] 18031,0,0.000,0.000,0.000,0.000,-1,-1,0,0,75
[2026-08-28 10:10:55] 18057,0,0.000,0.000,0.000,0.000,-1,-1,0,0,75
[2026-08-28 10:10:55] 18087,1,0.005,0.005,0.005,0.005,1,-1,0,0,75
[2026-08-28 10:10:55] 18112,0,0.000,0.000,0.000,0.000,-1,-1,0,0,75
[2026-08-28 10:10:55] 18143,3,0.010,0.008,0.002,0.000,0,-1,0,0,75
[2026-08-28 10:10:55] 18170,2,0.007,0.005,0.003,0.002,0,-1,0,0,75
[2026-08-28 10:10:55] 18201,2,0.001,0.005,0.009,0.010,3,-1,0,0,75
[2026-08-28 10:10:55] 18230,1,0.005,0.005,0.005,0.005,3,-1,0,0,76
[2026-08-28 10:10:55] 18254,0,0.000,0.000,0.000,0.000,-1,-1,0,0,76
[2026-08-28 10:10:55] 18279,1,0.005,0.005,0.005,0.005,3,-1,0,0,76
[2026-08-28 10:10:55] 18308,1,0.005,0.005,0.005,0.005,3,-1,0,0,76
[2026-08-28 10:10:55] 18332,0,0.000,0.000,0.000,0.000,-1,-1,0,0,76
[2026-08-28 10:10:55] 18361,1,0.005,0.005,0.005,0.005,3,-1,0,0,76
[2026-08-28 10:10:55] 18391,3,0.003,0.002,0.014,0.002,2,-1,0,0,76
[2026-08-28 10:10:55] 18416,0,0.000,0.000,0.000,0.000,-1,-1,0,0,76
[2026-08-28 10:10:55] 18443,1,0.005,0.005,0.005,0.005,1,-1,0,0,76
[2026-08-28 10:10:55] 18469,1,0.005,0.005,0.005,0.005,3,-1,0,0,76
[2026-08-28 10:10:55] 18496,3,0.010,0.002,0.010,0.002,0,-1,0,0,76
[2026-08-28 10:10:55] 18524,2,0.007,0.010,0.007,0.001,1,-1,0,0,76
[2026-08-28 10:10:56] 18550,2,0.001,0.005,0.009,0.000,2,-1,0,0,77
[2026-08-28 10:10:56] 18575,1,0.005,0.005,0.005,0.005,3,-1,0,0,77
[2026-08-28 10:10:56] 18604,1,0.005,0.005,0.005,0.005,3,-1,0,0,77
[2026-08-28 10:10:56] 18633,4,0.006,0.002,0.001,0.001,0,-1,0,0,77
[2026-08-28 10:10:56] 18659,0,0.000,0.000,0.000,0.000,-1,-1,0,0,77
[2026-08-28 10:10:56] 18689,4,0.000,0.005,0.002,0.006,3,-1,0,0,77
[2026-08-28 10:10:56] 18717,3,0.004,0.008,0.000,0.006,1,-1,0,0,77
[2026-08-28 10:10:56] 18744,1,0.005,0.005,0.005,0.005,3,-1,0,0,77
[2026-08-28 10:10:56] 18768,0,0.000,0.000,0.000,0.000,-1,-1,0,0,77
[2026-08-28 10:10:56] 18795,13,0.001,0.000,0.009,0.005,2,-1,0,0,77
[2026-08-28 10:10:56] 18824,2,0.007,0.005,0.003,0.008,3,-1,0,0,77
[2026-08-28 10:10:56] 18854,3,0.004,0.002,0.000,0.000,0,-1,0,0,78
[2026-08-28 10:10:56] 18886,1,0.005,0.005,0.005,0.005,1,-1,0,0,78
[2026-08-28 10:10:56] 18915,1,0.005,0.005,0.005,0.005,3,-1,0,0,78
[2026-08-28 10:10:56] 18939,0,0.000,0.000,0.000,0.000,-1,-1,0,0,78
[2026-08-28 10:10:56] 18964,0,0.000,0.000,0.000,0.000,-1,-1,0,0,78
[2026-08-28 10:10:56] 18995,3,0.004,0.002,0.008,0.003,2,-1,0,0,78
[2026-08-28 10:10:56] 19019,0,0.000,0.000,0.000,0.000,-1,-1,0,0,78
[2026-08-28 10:10:56] 19050,2,0.001,0.005,0.009,0.010,3,-1,0,0,78
[2026-08-28 10:10:56] 19078,1,0.005,0.005,0.005,0.005,3,-1,0,0,79
[2026-08-28 10:10:56] 19106,1,0.005,0.005,0.005,0.005,3,-1,0,0,79
[2026-08-28 10:10:56] 19131,0,0.000,0.000,0.000,0.000,-1,-1,0,0,79
[2026-08-28 10:10:56] 19160,2,0.001,0.010,0.001,0.007,1,-1,0,0,79
[2026-08-28 10:10:56] 19189,2,0.001,0.010,0.001,0.007,1,-1,0,0,79
[2026-08-28 10:10:56] 19218,2,0.001,0.000,0.001,0.003,3,-1,0,0,79
[2026-08-28 10:10:56] 19244,2,0.010,0.005,0.000,0.005,0,-1,0,0,79
[2026-08-28 10:10:56] 19268,0,0.000,0.000,0.000,0.000,-1,-1,0,0,79
[2026-08-28 10:10:56] 19294,0,0.000,0.000,0.000,0.000,-1,-1,0,0,79
[2026-08-28 10:10:56] 19320,3,0.003,0.002,0.014,0.002,2,-1,0,0,79
[2026-08-28 10:10:56] 19346,0,0.000,0.000,0.000,0.000,-1,-1,0,0,79
[2026-08-28 10:10:56] 19374,2,0.010,0.005,0.000,0.005,0,-1,0,0,79
[2026-08-28 10:10:56] 19399,2,0.007,0.010,0.007,0.001,1,-1,0,0,80
[2026-08-28 10:10:56] 19425,1,0.005,0.005,0.005,0.005,3,-1,0,0,80
[2026-08-28 10:10:56] 19450,0,0.000,0.000,0.000,0.000,-1,-1,0,0,80
[2026-08-28 10:10:56] 19480,5,0.004,0.009,0.010,0.005,2,-1,0,0,80
[2026-08-28 10:10:56] 19510,1,0.005,0.005,0.005,0.005,1,-1,0,0,80
[2026-08-28 10:10:56] 19535,1,0.005,0.005,0.005,0.005,3,-1,0,0,80
[2026-08-28 10:10:57] 19564,4,0.003,0.005,0.008,0.009,3,-1,0,0,80
[2026-08-28 10:10:57] 19589,0,0.000,0.000,0.000,0.000,-1,-1,0,0,80
[2026-08-28 10:10:57] 19616,2,0.010,0.005,0.000,0.005,0,-1,0,0,80
[2026-08-28 10:10:57] 19647,1,0.005,0.005,0.005,0.005,3,-1,0,0,80
[2026-08-28 10:10:57] 19675,2,0.001,0.005,0.009,0.010,3,-1,0,0,81
[2026-08-28 10:10:57] 19703,2,0.010,0.010,0.010,0.010,3,-1,0,0,81
[2026-08-28 10:10:57] 19729,1,0.005,0.005,0.005,0.005,3,-1,0,0,81
[2026-08-28 10:10:57] 19757,1,0.005,0.005,0.005,0.005,1,-1,0,0,81
[2026-08-28 10:10:57] 19786,2,0.007,0.005,0.003,0.002,0,-1,0,0,81
[2026-08-28 10:10:57] 19815,2,0.007,0.010,0.007,0.001,1,-1,0,0,81
[2026-08-28 10:10:57] 19841,2,0.010,0.005,0.000,0.005,0,-1,0,0,81
[2026-08-28 10:10:57] 19868,3,0.004,0.002,0.000,0.008,3,-1,0,0,81
[2026-08-28 10:10:57] 19899,3,0.001,0.008,0.011,0.002,2,-1,0,0,81
[2026-08-28 10:10:57] 19923,0,0.000,0.000,0.000,0.000,-1,-1,0,0,82
[2026-08-28 10:10:57] 19949,0,0.000,0.000,0.000,0.000,-1,-1,0,0,82
[2026-08-28 10:10:57] 19974,1,0.005,0.005,0.005,0.005,3,-1,0,0,82
[2026-08-28 10:10:57] 20002,3,0.004,0.008,0.008,0.001,1,-1,0,0,82
[2026-08-28 10:10:57] 20029,2,0.010,0.005,0.000,0.005,0,-1,0,0,82
[2026-08-28 10:10:57] 20058,1,0.005,0.005,0.005,0.005,3,-1,0,0,82
[2026-08-28 10:10:57] 20088,4,0.001,0.010,0.006,0.004,1,-1,0,0,82
[2026-08-28 10:10:57] 20113,0,0.000,0.000,0.000,0.000,-1,-1,0,0,82
[2026-08-28 10:10:57] 20144,4,0.006,0.010,0.002,0.006,1,-1,0,0,82
[2026-08-28 10:10:57] 20175,2,0.010,0.005,0.000,0.005,0,-1,0,0,82
[2026-08-28 10:10:57] 20201,1,0.005,0.005,0.005,0.005,3,-1,0,0,83
[2026-08-28 10:10:57] 20232,4,0.003,0.000,0.005,0.010,3,-1,0,0,83
[2026-08-28 10:10:57] 20256,0,0.000,0.000,0.000,0.000,-1,-1,0,0,83
[2026-08-28 10:10:57] 20282,2,0.001,0.000,0.001,0.003,3,-1,0,0,83
[2026-08-28 10:10:57] 20311,1,0.005,0.005,0.005,0.005,3,-1,0,0,83
[2026-08-28 10:10:57] 20337,1,0.005,0.005,0.005,0.005,3,-1,0,0,83
[2026-08-28 10:10:57] 20365,2,0.007,0.005,0.003,0.002,0,-1,0,0,83
[2026-08-28 10:10:57] 20396,2,0.007,0.005,0.003,0.008,3,-1,0,0,83
[2026-08-28 10:10:57] 20420,0,0.000,0.000,0.000,0.000,-1,-1,0,0,83
[2026-08-28 10:10:57] 20450,5,0.004,0.005,0.010,0.001,2,-1,0,0,83
[2026-08-28 10:10:57] 20477,2,0.010,0.000,0.010,0.000,0,-1,0,0,84
[2026-08-28 10:10:57] 20503,0,0.000,0.000,0.000,0.000,-1,-1,0,0,84
[2026-08-28 10:10:57] 20533,5,0.009,0.005,0.005,0.007,0,-1,0,0,84
[2026-08-28 10:10:58] 20559,2,0.007,0.005,0.003,0.002,0,-1,0,0,84
[2026-08-28 10:10:58] 20586,2,0.010,0.010,0.010,0.010,3,-1,0,0,84
[2026-08-28 10:10:58] 20611,0,0.000,0.000,0.000,0.000,-1,-1,0,0,84
[2026-08-28 10:10:58] 20641,1,0.005,0.005,0.005,0.005,1,-1,0,0,84
[2026-08-28 10:10:58] 20670,2,0.001,0.010,0.001,0.007,1,-1,0,0,84
[2026-08-28 10:10:58] 20696,2,0.007,0.005,0.003,0.002,0,-1,0,0,84
[2026-08-28 10:10:58] 20724,1,0.005,0.005,0.005,0.005,3,-1,0,0,84
[2026-08-28 10:10:58] 20749,0,0.000,0.000,0.000,0.000,-1,-1,0,0,85
[2026-08-28 10:10:58] 20773,0,0.000,0.000,0.000,0.000,-1,-1,0,0,85
[2026-08-28 10:10:58] 20798,0,0.000,0.000,0.000,0.000,-1,-1,0,0,85
[2026-08-28 10:10:58] 20823,0,0.000,0.000,0.000,0.000,-1,-1,0,0,85
[2026-08-28 10:10:58] 20847,0,0.000,0.000,0.000,0.000,-1,-1,0,0,85
[2026-08-28 10:10:58] 20879,3,0.015,0.002,0.002,0.002,0,-1,0,0,85
[2026-08-28 10:10:58] 20903,0,0.000,0.000,0.000,0.000,-1,-1,0,0,85
[2026-08-28 10:10:58] 20933,4,0.006,0.020,0.006,0.003,1,-1,0,0,85
[2026-08-28 10:10:58] 20963,5,0.004,0.001,0.007,0.000,2,-1,0,0,85
[2026-08-28 10:10:58] 20987,1,0.005,0.005,0.005,0.005,3,-1,0,0,85
[2026-08-28 10:10:58] 21015,1,0.005,0.005,0.005,0.005,3,-1,0,0,85
[2026-08-28 10:10:58] 21040,0,0.000,0.000,0.000,0.000,-1,-1,0,0,85
[2026-08-28 10:10:58] 21067,2,0.001,0.000,0.001,0.003,3,-1,0,0,85
[2026-08-28 10:10:58] 21094,1,0.005,0.005,0.005,0.005,3,-1,0,0,85
[2026-08-28 10:10:58] 21118,0,0.000,0.000,0.000,0.000,-1,-1,0,0,85
[2026-08-28 10:10:58] 21149,3,0.015,0.002,0.015,0.002,0,-1,0,0,85
[2026-08-28 10:10:58] 21174,0,0.000,0.000,0.000,0.000,-1,-1,0,0,86
[2026-08-28 10:10:58] 21202,1,0.005,0.005,0.005,0.005,3,-1,0,0,86
[2026-08-28 10:10:58] 21231,1,0.005,0.005,0.005,0.005,3,-1,0,0,86
[2026-08-28 10:10:58] 21260,1,0.005,0.005,0.005,0.005,3,-1,0,0,86
[2026-08-28 10:10:58] 21284,0,0.000,0.000,0.000,0.000,-1,-1,0,0,86
[2026-08-28 10:10:58] 21313,2,0.001,0.005,0.009,0.010,3,-1,0,0,86
[2026-08-28 10:10:58] 21339,2,0.007,0.005,0.003,0.002,0,-1,0,0,86
[2026-08-28 10:10:58] 21367,2,0.010,0.010,0.010,0.010,3,-1,0,0,86
[2026-08-28 10:10:58] 21393,1,0.005,0.005,0.005,0.005,3,-1,0,0,86
[2026-08-28 10:10:58] 21421,1,0.005,0.005,0.005,0.005,1,-1,0,0,86
[2026-08-28 10:10:58] 21447,2,0.007,0.005,0.003,0.008,3,-1,0,0,86
[2026-08-28 10:10:58] 21472,0,0.000,0.000,0.000,0.000,-1,-1,0,0,87
[2026-08-28 10:10:58] 21499,1,0.005,0.005,0.005,0.005,3,-1,0,0,87
[2026-08-28 10:10:58] 21525,0,0.000,0.000,0.000,0.000,-1,-1,0,0,87
[2026-08-28 10:10:59] 21553,1,0.005,0.005,0.005,0.005,3,-1,0,0,87
[2026-08-28 10:10:59] 21582,1,0.005,0.005,0.005,0.005,1,-1,0,0,87
[2026-08-28 10:10:59] 21608,0,0.000,0.000,0.000,0.000,-1,-1,0,0,87
[2026-08-28 10:10:59] 21638,3,0.003,0.002,0.014,0.002,2,-1,0,0,87
[2026-08-28 10:10:59] 21666,2,0.007,0.005,0.003,0.008,3,-1,0,0,87
[2026-08-28 10:10:59] 21696,3,0.003,0.008,0.002,0.003,1,-1,0,0,87
[2026-08-28 10:10:59] 21724,1,0.005,0.005,0.005,0.005,3,-1,0,0,87
[2026-08-28 10:10:59] 21748,0,0.000,0.000,0.000,0.000,-1,-1,0,0,88
[2026-08-28 10:10:59] 21778,1,0.005,0.005,0.005,0.005,1,-1,0,0,88
[2026-08-28 10:10:59] 21803,0,0.000,0.000,0.000,0.000,-1,-1,0,0,88
[2026-08-28 10:10:59] 21832,7,0.009,0.004,0.000,0.005,0,-1,0,0,88
[2026-08-28 10:10:59] 21857,0,0.000,0.000,0.000,0.000,-1,-1,0,0,88
[2026-08-28 10:10:59] 21882,0,0.000,0.000,0.000,0.000,-1,-1,0,0,88
[2026-08-28 10:10:59] 21907,0,0.000,0.000,0.000,0.000,-1,-1,0,0,88
[2026-08-28 10:10:59] 21933,1,0.005,0.005,0.005,0.005,1,-1,0,0,88
[2026-08-28 10:10:59] 21957,0,0.000,0.000,0.000,0.000,-1,-1,0,0,88
[2026-08-28 10:10:59] 21983,0,0.000,0.000,0.000,0.000,-1,-1,0,0,88
[2026-08-28 10:10:59] 22007,0,0.000,0.000,0.000,0.000,-1,-1,0,0,88
[2026-08-28 10:10:59] 22032,0,0.000,0.000,0.000,0.000,-1,-1,0,0,88
[2026-08-28 10:10:59] 22062,3,0.001,0.015,0.001,0.004,1,-1,0,0,88
[2026-08-28 10:10:59] 22086,0,0.000,0.000,0.000,0.000,-1,-1,0,0,88
[2026-08-28 10:10:59] 22111,0,0.000,0.000,0.000,0.000,-1,-1,0,0,88
[2026-08-28 10:10:59] 22141,4,0.006,0.005,0.002,0.010,3,-1,0,0,88
[2026-08-28 10:10:59] 22170,1,0.005,0.005,0.005,0.005,3,-1,0,0,88
[2026-08-28 10:10:59] 22195,0,0.000,0.000,0.000,0.000,-1,-1,0,0,88
[2026-08-28 10:10:59] 22222,1,0.005,0.005,0.005,0.005,3,-1,0,0,88
[2026-08-28 10:10:59] 22249,3,0.015,0.002,0.002,0.002,0,-1,0,0,89
[2026-08-28 10:10:59] 22274,0,0.000,0.000,0.000,0.000,-1,-1,0,0,89
[2026-08-28 10:10:59] 22299,0,0.000,0.000,0.000,0.000,-1,-1,0,0,89
[2026-08-28 10:10:59] 22330,2,0.001,0.005,0.009,0.010,3,-1,0,0,89
[2026-08-28 10:10:59] 22354,0,0.000,0.000,0.000,0.000,-1,-1,0,0,89
[2026-08-28 10:10:59] 22384,4,0.001,0.012,0.002,0.007,1,-1,0,0,89
[2026-08-28 10:10:59] 22410,0,0.000,0.000,0.000,0.000,-1,-1,0,0,89
[2026-08-28 10:10:59] 22434,0,0.000,0.000,0.000,0.000,-1,-1,0,0,89
[2026-08-28 10:10:59] 22463,2,0.001,0.005,0.009,0.010,3,-1,0,0,89
[2026-08-28 10:10:59] 22488,0,0.000,0.000,0.000,0.000,-1,-1,0,0,89
[2026-08-28 10:10:59] 22516,2,0.007,0.005,0.003,0.002,0,-1,0,0,89
[2026-08-28 10:11:00] 22546,1,0.005,0.005,0.005,0.005,3,-1,0,0,89
[2026-08-28 10:11:00] 22572,0,0.000,0.000,0.000,0.000,-1,-1,0,0,89
[2026-08-28 10:11:00] 22598,2,0.001,0.005,0.009,0.010,3,-1,0,0,89
[2026-08-28 10:11:00] 22625,1,0.005,0.005,0.005,0.005,1,-1,0,0,90
[2026-08-28 10:11:00] 22657,1,0.005,0.005,0.005,0.005,1,-1,0,0,90
[2026-08-28 10:11:00] 22688,3,0.004,0.002,0.008,0.013,3,-1,0,0,90
[2026-08-28 10:11:00] 22713,0,0.000,0.000,0.000,0.000,-1,-1,0,0,90
[2026-08-28 10:11:00] 22743,2,0.010,0.005,0.000,0.005,0,-1,0,0,90
[2026-08-28 10:11:00] 22768,0,0.000,0.000,0.000,0.000,-1,-1,0,0,90
[2026-08-28 10:11:00] 22798,2,0.001,0.005,0.009,0.000,2,-1,0,0,90
[2026-08-28 10:11:00] 22825,2,0.001,0.005,0.009,0.000,2,-1,0,0,91
[2026-08-28 10:11:00] 22850,0,0.000,0.000,0.000,0.000,-1,-1,0,0,91
[2026-08-28 10:11:00] 22881,3,0.004,0.002,0.000,0.000,0,-1,0,0,91
[2026-08-28 10:11:00] 22905,0,0.000,0.000,0.000,0.000,-1,-1,0,0,91
[2026-08-28 10:11:00] 22937,1,0.005,0.005,0.005,0.005,1,-1,0,0,91
[2026-08-28 10:11:00] 22966,1,0.005,0.005,0.005,0.005,3,-1,0,0,91
[2026-08-28 10:11:00] 22990,0,0.000,0.000,0.000,0.000,-1,-1,0,0,91
[2026-08-28 10:11:00] 23018,1,0.005,0.005,0.005,0.005,3,-1,0,0,91
[2026-08-28 10:11:00] 23044,2,0.010,0.005,0.000,0.005,0,-1,0,0,91
[2026-08-28 10:11:00] 23073,3,0.010,0.008,0.002,0.000,0,-1,0,0,91
[2026-08-28 10:11:00] 23103,2,0.001,0.005,0.009,0.000,2,-1,0,0,92
[2026-08-28 10:11:00] 23133,3,0.001,0.008,0.004,0.001,1,-1,0,0,92
[2026-08-28 10:11:00] 23158,0,0.000,0.000,0.000,0.000,-1,-1,0,0,92
[2026-08-28 10:11:00] 23187,3,0.001,0.008,0.004,0.001,1,-1,0,0,92
[2026-08-28 10:11:00] 23217,2,0.007,0.005,0.003,0.008,3,-1,0,0,92
[2026-08-28 10:11:00] 23243,1,0.005,0.005,0.005,0.005,1,-1,0,0,92
[2026-08-28 10:11:00] 23268,0,0.000,0.000,0.000,0.000,-1,-1,0,0,92
[2026-08-28 10:11:00] 23300,6,0.002,0.008,0.006,0.006,1,-1,0,0,92
[2026-08-28 10:11:00] 23324,0,0.000,0.000,0.000,0.000,-1,-1,0,0,93
[2026-08-28 10:11:00] 23352,1,0.005,0.005,0.005,0.005,3,-1,0,0,93
[2026-08-28 10:11:00] 23383,2,0.001,0.005,0.009,0.010,3,-1,0,0,93
[2026-08-28 10:11:00] 23409,1,0.005,0.005,0.005,0.005,1,-1,0,0,93
[2026-08-28 10:11:00] 23440,3,0.004,0.002,0.004,0.004,0,-1,0,0,93
[2026-08-28 10:11:00] 23468,1,0.005,0.005,0.005,0.005,3,-1,0,0,93
[2026-08-28 10:11:00] 23494,2,0.007,0.000,0.007,0.009,3,-1,0,0,93
[2026-08-28 10:11:00] 23519,0,0.000,0.000,0.000,0.000,-1,-1,0,0,93
[2026-08-28 10:11:01] 23545,1,0.005,0.005,0.005,0.005,3,-1,0,0,93
[2026-08-28 10:11:01] 23570,0,0.000,0.000,0.000,0.000,-1,-1,0,0,93
[2026-08-28 10:11:01] 23601,2,0.001,0.010,0.001,0.007,1,-1,0,0,93
[2026-08-28 10:11:01] 23629,3,0.001,0.008,0.004,0.011,3,-1,0,0,94
[2026-08-28 10:11:01] 23657,2,0.007,0.005,0.003,0.002,0,-1,0,0,94
[2026-08-28 10:11:01] 23683,0,0.000,0.000,0.000,0.000,-1,-1,0,0,94
[2026-08-28 10:11:01] 23711,2,0.010,0.005,0.000,0.005,0,-1,0,0,94
[2026-08-28 10:11:01] 23741,2,0.001,0.010,0.001,0.007,1,-1,0,0,94
[2026-08-28 10:11:01] 23769,2,0.007,0.005,0.003,0.002,0,-1,0,0,94
[2026-08-28 10:11:01] 23794,0,0.000,0.000,0.000,0.000,-1,-1,0,0,94
[2026-08-28 10:11:01] 23819,0,0.000,0.000,0.000,0.000,-1,-1,0,0,94
[2026-08-28 10:11:01] 23849,1,0.005,0.005,0.005,0.005,1,-1,0,0,94
[2026-08-28 10:11:01] 23877,1,0.005,0.005,0.005,0.005,3,-1,0,0,95
[2026-08-28 10:11:01] 23909,1,0.005,0.005,0.005,0.005,1,-1,0,0,95
[2026-08-28 10:11:01] 23933,0,0.000,0.000,0.000,0.000,-1,-1,0,0,95
[2026-08-28 10:11:01] 23958,0,0.000,0.000,0.000,0.000,-1,-1,0,0,95
[2026-08-28 10:11:01] 23985,2,0.001,0.005,0.009,0.000,2,-1,0,0,95
[2026-08-28 10:11:01] 24012,1,0.005,0.005,0.005,0.005,3,-1,0,0,95
[2026-08-28 10:11:01] 24037,0,0.000,0.000,0.000,0.000,-1,-1,0,0,95
[2026-08-28 10:11:01] 24066,2,0.007,0.005,0.003,0.002,0,-1,0,0,95
[2026-08-28 10:11:01] 24090,0,0.000,0.000,0.000,0.000,-1,-1,0,0,95
[2026-08-28 10:11:01] 24119,2,0.001,0.000,0.001,0.003,3,-1,0,0,95
[2026-08-28 10:11:01] 24150,2,0.007,0.005,0.003,0.008,3,-1,0,0,95
[2026-08-28 10:11:01] 24174,0,0.000,0.000,0.000,0.000,-1,-1,0,0,96
[2026-08-28 10:11:01] 24199,0,0.000,0.000,0.000,0.000,-1,-1,0,0,96
[2026-08-28 10:11:01] 24230,4,0.003,0.005,0.005,0.002,1,-1,0,0,96
[2026-08-28 10:11:01] 24262,1,0.005,0.005,0.005,0.005,1,-1,0,0,96
[2026-08-28 10:11:01] 24292,1,0.005,0.005,0.005,0.005,3,-1,0,0,96
[2026-08-28 10:11:01] 24316,0,0.000,0.000,0.000,0.000,-1,-1,0,0,96
[2026-08-28 10:11:01] 24346,6,0.003,0.008,0.001,0.000,1,-1,0,0,96
[2026-08-28 10:11:01] 24371,0,0.000,0.000,0.000,0.000,-1,-1,0,0,96
[2026-08-28 10:11:01] 24395,0,0.000,0.000,0.000,0.000,-1,-1,0,0,96
[2026-08-28 10:11:01] 24424,2,0.010,0.005,0.000,0.005,0,-1,0,0,96
[2026-08-28 10:11:01] 24449,0,0.000,0.000,0.000,0.000,-1,-1,0,0,97
[2026-08-28 10:11:01] 24474,0,0.000,0.000,0.000,0.000,-1,-1,0,0,97
[2026-08-28 10:11:01] 24499,0,0.000,0.000,0.000,0.000,-1,-1,0,0,97
[2026-08-28 10:11:01] 24528,1,0.005,0.005,0.005,0.005,3,-1,0,0,97
[2026-08-28 10:11:02] 24556,1,0.005,0.005,0.005,0.005,1,-1,0,0,97
[2026-08-28 10:11:02] 24586,4,0.003,0.002,0.000,0.001,0,-1,0,0,97
[2026-08-28 10:11:02] 24610,0,0.000,0.000,0.000,0.000,-1,-1,0,0,97
[2026-08-28 10:11:02] 24640,2,0.010,0.005,0.000,0.005,0,-1,0,0,97
[2026-08-28 10:11:02] 24669,2,0.007,0.005,0.003,0.008,3,-1,0,0,97
[2026-08-28 10:11:02] 24695,2,0.001,0.000,0.001,0.003,3,-1,0,0,97
[2026-08-28 10:11:02] 24724,3,0.010,0.002,0.006,0.002,0,-1,0,0,97
[2026-08-28 10:11:02] 24749,0,0.000,0.000,0.000,0.000,-1,-1,0,0,98
[2026-08-28 10:11:02] 24773,0,0.000,0.000,0.000,0.000,-1,-1,0,0,98
[2026-08-28 10:11:02] 24799,0,0.000,0.000,0.000,0.000,-1,-1,0,0,98
[2026-08-28 10:11:02] 24828,1,0.005,0.005,0.005,0.005,1,-1,0,0,98
[2026-08-28 10:11:02] 24853,0,0.000,0.000,0.000,0.000,-1,-1,0,0,98
[2026-08-28 10:11:02] 24884,3,0.004,0.008,0.008,0.001,1,-1,0,0,98
[2026-08-28 10:11:02] 24915,2,0.001,0.005,0.009,0.010,3,-1,0,0,98
[2026-08-28 10:11:02] 24940,0,0.000,0.000,0.000,0.000,-1,-1,0,0,98
[2026-08-28 10:11:02] 24968,2,0.010,0.005,0.000,0.005,0,-1,0,0,98
[2026-08-28 10:11:02] 24992,0,0.000,0.000,0.000,0.000,-1,-1,0,0,98
[2026-08-28 10:11:02] 25017,0,0.000,0.000,0.000,0.000,-1,-1,0,0,98
[2026-08-28 10:11:02] 25048,6,0.004,0.017,0.001,0.010,1,-1,0,0,98
[2026-08-28 10:11:02] 25075,2,0.001,0.010,0.001,0.007,1,-1,0,0,99
[2026-08-28 10:11:02] 25104,1,0.005,0.005,0.005,0.005,3,-1,0,0,99
[2026-08-28 10:11:02] 25135,3,0.010,0.008,0.002,0.004,0,-1,0,0,99
[2026-08-28 10:11:02] 25159,0,0.000,0.000,0.000,0.000,-1,-1,0,0,99
[2026-08-28 10:11:02] 25186,1,0.005,0.005,0.005,0.005,3,-1,0,0,99
[2026-08-28 10:11:02] 25214,1,0.005,0.005,0.005,0.005,3,-1,0,0,99
[2026-08-28 10:11:02] 25246,3,0.004,0.002,0.008,0.013,3,-1,0,0,99
[2026-08-28 10:11:02] 25271,0,0.000,0.000,0.000,0.000,-1,-1,0,0,99
[2026-08-28 10:11:02] 25296,2,0.007,0.005,0.003,0.008,3,-1,0,0,99
[2026-08-28 10:11:02] 25324,1,0.005,0.005,0.005,0.005,1,-1,0,0,100
[2026-08-28 10:11:02] 25352,1,0.005,0.005,0.005,0.005,3,-1,0,0,100
[2026-08-28 10:11:02] 25383,3,0.004,0.002,0.008,0.003,2,-1,0,0,100
[2026-08-28 10:11:02] 25411,3,0.004,0.008,0.000,0.006,1,-1,0,0,100
[2026-08-28 10:11:02] 25442,1,0.005,0.005,0.005,0.005,1,-1,0,0,100
[2026-08-28 10:11:02] 25470,1,0.005,0.005,0.005,0.005,3,-1,0,0,100
[2026-08-28 10:11:02] 25496,1,0.005,0.005,0.005,0.005,3,-1,0,0,100
[2026-08-28 10:11:02] 25525,1,0.005,0.005,0.005,0.005,3,-1,0,0,100
[2026-08-28 10:11:03] 25554,2,0.007,0.000,0.007,0.009,3,-1,0,0,101
[2026-08-28 10:11:03] 25585,6,0.009,0.017,0.003,0.004,1,-1,0,0,101
[2026-08-28 10:11:03] 25610,0,0.000,0.000,0.000,0.000,-1,-1,0,0,101
[2026-08-28 10:11:03] 25635,1,0.005,0.005,0.005,0.005,1,-1,0,0,101
[2026-08-28 10:11:03] 25665,2,0.001,0.010,0.001,0.007,1,-1,0,0,101
[2026-08-28 10:11:03] 25695,1,0.005,0.005,0.005,0.005,1,-1,0,0,101
[2026-08-28 10:11:03] 25723,1,0.005,0.005,0.005,0.005,3,-1,0,0,101
[2026-08-28 10:11:03] 25754,1,0.005,0.005,0.005,0.005,1,-1,0,0,102
[2026-08-28 10:11:03] 25781,1,0.005,0.005,0.005,0.005,3,-1,0,0,102
[2026-08-28 10:11:03] 25805,0,0.000,0.000,0.000,0.000,-1,-1,0,0,102
[2026-08-28 10:11:03] 25830,0,0.000,0.000,0.000,0.000,-1,-1,0,0,102
[2026-08-28 10:11:03] 25859,2,0.007,0.005,0.003,0.002,0,-1,0,0,102
[2026-08-28 10:11:03] 25884,1,0.005,0.005,0.005,0.005,1,-1,0,0,102
[2026-08-28 10:11:03] 25913,2,0.010,0.000,0.010,0.000,0,-1,0,0,102
[2026-08-28 10:11:03] 25938,1,0.005,0.005,0.005,0.005,3,-1,0,0,102
[2026-08-28 10:11:03] 25966,1,0.005,0.005,0.005,0.005,3,-1,0,0,102
[2026-08-28 10:11:03] 25997,2,0.007,0.010,0.007,0.001,1,-1,0,0,102
[2026-08-28 10:11:03] 26021,0,0.000,0.000,0.000,0.000,-1,-1,0,0,103
[2026-08-28 10:11:03] 26053,2,0.010,0.000,0.010,0.000,0,-1,0,0,103
[2026-08-28 10:11:03] 26078,0,0.000,0.000,0.000,0.000,-1,-1,0,0,103
[2026-08-28 10:11:03] 26103,0,0.000,0.000,0.000,0.000,-1,-1,0,0,103
[2026-08-28 10:11:03] 26129,2,0.001,0.000,0.001,0.003,3,-1,0,0,103
[2026-08-28 10:11:03] 26155,0,0.000,0.000,0.000,0.000,-1,-1,0,0,103
[2026-08-28 10:11:03] 26179,0,0.000,0.000,0.000,0.000,-1,-1,0,0,103
[2026-08-28 10:11:03] 26204,0,0.000,0.000,0.000,0.000,-1,-1,0,0,103
[2026-08-28 10:11:03] 26234,1,0.005,0.005,0.005,0.005,1,-1,0,0,103
[2026-08-28 10:11:03] 26259,0,0.000,0.000,0.000,0.000,-1,-1,0,0,103
[2026-08-28 10:11:03] 26289,1,0.005,0.005,0.005,0.005,3,-1,0,0,103
[2026-08-28 10:11:03] 26318,1,0.005,0.005,0.005,0.005,3,-1,0,0,103
[2026-08-28 10:11:03] 26348,4,0.003,0.003,0.015,0.005,2,-1,0,0,103
[2026-08-28 10:11:03] 26377,1,0.005,0.005,0.005,0.005,3,-1,0,0,104
[2026-08-28 10:11:03] 26405,1,0.005,0.005,0.005,0.005,3,-1,0,0,104
[2026-08-28 10:11:03] 26430,0,0.000,0.000,0.000,0.000,-1,-1,0,0,104
[2026-08-28 10:11:03] 26462,1,0.005,0.005,0.005,0.005,1,-1,0,0,104
[2026-08-28 10:11:03] 26492,2,0.010,0.010,0.010,0.010,3,-1,0,0,104
[2026-08-28 10:11:03] 26521,1,0.005,0.005,0.005,0.005,3,-1,0,0,104
[2026-08-28 10:11:04] 26551,1,0.005,0.005,0.005,0.005,1,-1,0,0,104
[2026-08-28 10:11:04] 26576,0,0.000,0.000,0.000,0.000,-1,-1,0,0,105
[2026-08-28 10:11:04] 26601,0,0.000,0.000,0.000,0.000,-1,-1,0,0,105
[2026-08-28 10:11:04] 26631,3,0.004,0.002,0.000,0.000,0,-1,0,0,105
[2026-08-28 10:11:04] 26656,0,0.000,0.000,0.000,0.000,-1,-1,0,0,105
[2026-08-28 10:11:04] 26686,1,0.005,0.005,0.005,0.005,3,-1,0,0,105
[2026-08-28 10:11:04] 26712,0,0.000,0.000,0.000,0.000,-1,-1,0,0,105
[2026-08-28 10:11:04] 26736,0,0.000,0.000,0.000,0.000,-1,-1,0,0,105
[2026-08-28 10:11:04] 26761,0,0.000,0.000,0.000,0.000,-1,-1,0,0,105
[2026-08-28 10:11:04] 26790,1,0.005,0.005,0.005,0.005,3,-1,0,0,105
[2026-08-28 10:11:04] 26818,3,0.001,0.008,0.004,0.011,3,-1,0,0,105
[2026-08-28 10:11:04] 26844,0,0.000,0.000,0.000,0.000,-1,-1,0,0,105
[2026-08-28 10:11:04] 26868,0,0.000,0.000,0.000,0.000,-1,-1,0,0,105
[2026-08-28 10:11:04] 26894,4,0.009,0.005,0.005,0.007,0,-1,0,0,105
[2026-08-28 10:11:04] 26919,0,0.000,0.000,0.000,0.000,-1,-1,0,0,105
[2026-08-28 10:11:04] 26944,2,0.007,0.000,0.007,0.009,3,-1,0,0,105
[2026-08-28 10:11:04] 26970,0,0.000,0.000,0.000,0.000,-1,-1,0,0,105
[2026-08-28 10:11:04] 27000,2,0.001,0.010,0.001,0.007,1,-1,0,0,105
[2026-08-28 10:11:04] 27025,0,0.000,0.000,0.000,0.000,-1,-1,0,0,106
[2026-08-28 10:11:04] 27049,0,0.000,0.000,0.000,0.000,-1,-1,0,0,106
[2026-08-28 10:11:04] 27076,1,0.005,0.005,0.005,0.005,1,-1,0,0,106
[2026-08-28 10:11:04] 27107,2,0.007,0.000,0.007,0.009,3,-1,0,0,106
[2026-08-28 10:11:04] 27137,1,0.005,0.005,0.005,0.005,3,-1,0,0,106
[2026-08-28 10:11:04] 27165,2,0.001,0.010,0.001,0.007,1,-1,0,0,106
[2026-08-28 10:11:04] 27190,0,0.000,0.000,0.000,0.000,-1,-1,0,0,106
[2026-08-28 10:11:04] 27218,1,0.005,0.005,0.005,0.005,3,-1,0,0,106
[2026-08-28 10:11:04] 27243,0,0.000,0.000,0.000,0.000,-1,-1,0,0,106
[2026-08-28 10:11:04] 27272,2,0.001,0.010,0.001,0.007,1,-1,0,0,106
[2026-08-28 10:11:04] 27301,1,0.005,0.005,0.005,0.005,3,-1,0,0,106
[2026-08-28 10:11:04] 27328,1,0.005,0.005,0.005,0.005,3,-1,0,0,107
[2026-08-28 10:11:04] 27354,0,0.000,0.000,0.000,0.000,-1,-1,0,0,107
[2026-08-28 10:11:04] 27384,1,0.005,0.005,0.005,0.005,1,-1,0,0,107
[2026-08-28 10:11:04] 27411,1,0.005,0.005,0.005,0.005,1,-1,0,0,107
[2026-08-28 10:11:04] 27438,1,0.005,0.005,0.005,0.005,3,-1,0,0,107
[2026-08-28 10:11:04] 27462,0,0.000,0.000,0.000,0.000,-1,-1,0,0,107
[2026-08-28 10:11:04] 27493,2,0.007,0.005,0.003,0.008,3,-1,0,0,107
[2026-08-28 10:11:04] 27517,0,0.000,0.000,0.000,0.000,-1,-1,0,0,107
[2026-08-28 10:11:05] 27548,1,0.005,0.005,0.005,0.005,1,-1,0,0,107
[2026-08-28 10:11:05] 27577,1,0.005,0.005,0.005,0.005,3,-1,0,0,108
[2026-08-28 10:11:05] 27601,0,0.000,0.000,0.000,0.000,-1,-1,0,0,108
[2026-08-28 10:11:05] 27631,1,0.005,0.005,0.005,0.005,3,-1,0,0,108
[2026-08-28 10:11:05] 27660,3,0.001,0.002,0.001,0.000,1,-1,0,0,108
[2026-08-28 10:11:05] 27685,1,0.005,0.005,0.005,0.005,1,-1,0,0,108
[2026-08-28 10:11:05] 27710,0,0.000,0.000,0.000,0.000,-1,-1,0,0,108
[2026-08-28 10:11:05] 27736,2,0.007,0.005,0.003,0.002,0,-1,0,0,108
[2026-08-28 10:11:05] 27764,2,0.010,0.005,0.000,0.005,0,-1,0,0,108
[2026-08-28 10:11:05] 27790,2,0.001,0.005,0.009,0.010,3,-1,0,0,108
[2026-08-28 10:11:05] 27814,0,0.000,0.000,0.000,0.000,-1,-1,0,0,108
[2026-08-28 10:11:05] 27845,2,0.001,0.010,0.001,0.007,1,-1,0,0,108
[2026-08-28 10:11:05] 27872,1,0.005,0.005,0.005,0.005,3,-1,0,0,108
[2026-08-28 10:11:05] 27901,4,0.006,0.000,0.002,0.012,3,-1,0,0,109
[2026-08-28 10:11:05] 27927,0,0.000,0.000,0.000,0.000,-1,-1,0,0,109
[2026-08-28 10:11:05] 27952,0,0.000,0.000,0.000,0.000,-1,-1,0,0,109
[2026-08-28 10:11:05] 27981,6,0.003,0.003,0.005,0.012,3,-1,0,0,109
[2026-08-28 10:11:05] 28010,1,0.005,0.005,0.005,0.005,3,-1,0,0,109
[2026-08-28 10:11:05] 28036,2,0.001,0.005,0.009,0.010,3,-1,0,0,109
[2026-08-28 10:11:05] 28061,0,0.000,0.000,0.000,0.000,-1,-1,0,0,109
[2026-08-28 10:11:05] 28087,1,0.005,0.005,0.005,0.005,3,-1,0,0,109
[2026-08-28 10:11:05] 28111,0,0.000,0.000,0.000,0.000,-1,-1,0,0,109
[2026-08-28 10:11:05] 28142,2,0.001,0.005,0.009,0.010,3,-1,0,0,109
[2026-08-28 10:11:05] 28171,2,0.010,0.005,0.000,0.005,0,-1,0,0,109
[2026-08-28 10:11:05] 28197,1,0.005,0.005,0.005,0.005,1,-1,0,0,109
[2026-08-28 10:11:05] 28226,2,0.001,0.005,0.009,0.000,2,-1,0,0,110
[2026-08-28 10:11:05] 28258,1,0.005,0.005,0.005,0.005,1,-1,0,0,110
[2026-08-28 10:11:05] 28289,2,0.007,0.005,0.003,0.002,0,-1,0,0,110
[2026-08-28 10:11:05] 28317,1,0.005,0.005,0.005,0.005,3,-1,0,0,110
[2026-08-28 10:11:05] 28342,0,0.000,0.000,0.000,0.000,-1,-1,0,0,110
[2026-08-28 10:11:05] 28372,5,0.006,0.001,0.002,0.008,3,-1,0,0,110
[2026-08-28 10:11:05] 28399,2,0.010,0.005,0.000,0.005,0,-1,0,0,111
[2026-08-28 10:11:05] 28430,2,0.010,0.000,0.010,0.000,2,-1,0,0,111
[2026-08-28 10:11:05] 28454,0,0.000,0.000,0.000,0.000,-1,-1,0,0,111
[2026-08-28 10:11:05] 28480,0,0.000,0.000,0.000,0.000,-1,-1,0,0,111
[2026-08-28 10:11:05] 28505,0,0.000,0.000,0.000,0.000,-1,-1,0,0,111
[2026-08-28 10:11:05] 28534,3,0.001,0.002,0.004,0.003,2,-1,0,0,111
[2026-08-28 10:11:06] 28562,1,0.005,0.005,0.005,0.005,3,-1,0,0,111
[2026-08-28 10:11:06] 28589,1,0.005,0.005,0.005,0.005,3,-1,0,0,111
[2026-08-28 10:11:06] 28616,2,0.007,0.010,0.007,0.001,1,-1,0,0,111
[2026-08-28 10:11:06] 28647,1,0.005,0.005,0.005,0.005,3,-1,0,0,111
[2026-08-28 10:11:06] 28672,0,0.000,0.000,0.000,0.000,-1,-1,0,0,112
[2026-08-28 10:11:06] 28697,0,0.000,0.000,0.000,0.000,-1,-1,0,0,112
[2026-08-28 10:11:06] 28728,2,0.001,0.000,0.001,0.003,3,-1,0,0,112
[2026-08-28 10:11:06] 28753,0,0.000,0.000,0.000,0.000,-1,-1,0,0,112
[2026-08-28 10:11:06] 28783,2,0.007,0.005,0.003,0.008,3,-1,0,0,112
[2026-08-28 10:11:06] 28812,1,0.005,0.005,0.005,0.005,3,-1,0,0,112
[2026-08-28 10:11:06] 28836,0,0.000,0.000,0.000,0.000,-1,-1,0,0,112
[2026-08-28 10:11:06] 28861,0,0.000,0.000,0.000,0.000,-1,-1,0,0,112
[2026-08-28 10:11:06] 28892,1,0.005,0.005,0.005,0.005,3,-1,0,0,112
[2026-08-28 10:11:06] 28916,0,0.000,0.000,0.000,0.000,-1,-1,0,0,112
[2026-08-28 10:11:06] 28943,3,0.003,0.002,0.003,0.002,0,-1,0,0,112
[2026-08-28 10:11:06] 28971,1,0.005,0.005,0.005,0.005,3,-1,0,0,112
[2026-08-28 10:11:06] 28996,1,0.005,0.005,0.005,0.005,3,-1,0,0,112
[2026-08-28 10:11:06] 29022,0,0.000,0.000,0.000,0.000,-1,-1,0,0,112
[2026-08-28 10:11:06] 29051,3,0.004,0.002,0.000,0.008,3,-1,0,0,112
[2026-08-28 10:11:06] 29080,1,0.005,0.005,0.005,0.005,3,-1,0,0,113
[2026-08-28 10:11:06] 29105,0,0.000,0.000,0.000,0.000,-1,-1,0,0,113
[2026-08-28 10:11:06] 29134,2,0.007,0.010,0.007,0.001,1,-1,0,0,113
[2026-08-28 10:11:06] 29164,1,0.005,0.005,0.005,0.005,3,-1,0,0,113
[2026-08-28 10:11:06] 29189,0,0.000,0.000,0.000,0.000,-1,-1,0,0,113
[2026-08-28 10:11:06] 29216,3,0.010,0.002,0.002,0.010,0,-1,0,0,113
[2026-08-28 10:11:06] 29246,2,0.001,0.005,0.009,0.010,3,-1,0,0,113
[2026-08-28 10:11:06] 29272,0,0.000,0.000,0.000,0.000,-1,-1,0,0,113
[2026-08-28 10:11:06] 29301,3,0.010,0.008,0.002,0.000,0,-1,0,0,113
[2026-08-28 10:11:06] 29330,2,0.007,0.010,0.007,0.001,1,-1,0,0,114
[2026-08-28 10:11:06] 29358,1,0.005,0.005,0.005,0.005,3,-1,0,0,114
[2026-08-28 10:11:06] 29383,1,0.005,0.005,0.005,0.005,3,-1,0,0,114
[2026-08-28 10:11:06] 29408,0,0.000,0.000,0.000,0.000,-1,-1,0,0,114
[2026-08-28 10:11:06] 29438,2,0.001,0.005,0.009,0.000,2,-1,0,0,114
[2026-08-28 10:11:06] 29463,0,0.000,0.000,0.000,0.000,-1,-1,0,0,114
[2026-08-28 10:11:06] 29494,3,0.003,0.002,0.002,0.001,0,-1,0,0,114
[2026-08-28 10:11:06] 29521,1,0.005,0.005,0.005,0.005,1,-1,0,0,114
[2026-08-28 10:11:07] 29547,2,0.001,0.005,0.009,0.010,3,-1,0,0,114
[2026-08-28 10:11:07] 29576,3,0.010,0.002,0.010,0.002,2,-1,0,0,115
[2026-08-28 10:11:07] 29603,1,0.005,0.005,0.005,0.005,3,-1,0,0,115
[2026-08-28 10:11:07] 29629,0,0.000,0.000,0.000,0.000,-1,-1,0,0,115
[2026-08-28 10:11:07] 29659,1,0.005,0.005,0.005,0.005,3,-1,0,0,115
[2026-08-28 10:11:07] 29683,0,0.000,0.000,0.000,0.000,-1,-1,0,0,115
[2026-08-28 10:11:07] 29712,2,0.007,0.005,0.003,0.002,0,-1,0,0,115
[2026-08-28 10:11:07] 29736,0,0.000,0.000,0.000,0.000,-1,-1,0,0,115
[2026-08-28 10:11:07] 29764,1,0.005,0.005,0.005,0.005,1,-1,0,0,115
[2026-08-28 10:11:07] 29789,0,0.000,0.000,0.000,0.000,-1,-1,0,0,115
[2026-08-28 10:11:07] 29813,0,0.000,0.000,0.000,0.000,-1,-1,0,0,115
[2026-08-28 10:11:07] 29840,1,0.005,0.005,0.005,0.005,3,-1,0,0,115
[2026-08-28 10:11:07] 29868,3,0.003,0.002,0.014,0.002,2,-1,0,0,115
[2026-08-28 10:11:07] 29894,4,0.003,0.012,0.000,0.001,1,-1,0,0,115
[2026-08-28 10:11:07] 29920,0,0.000,0.000,0.000,0.000,-1,-1,0,0,115
[2026-08-28 10:11:07] 29949,3,0.010,0.015,0.010,0.003,1,-1,0,0,115
[2026-08-28 10:11:07] 29975,0,0.000,0.000,0.000,0.000,-1,-1,0,0,116
[2026-08-28 10:11:07] 30000,0,0.000,0.000,0.000,0.000,-1,-1,0,0,116
[2026-08-28 10:11:07] 30029,3,0.001,0.002,0.004,0.005,3,-1,0,0,116
[2026-08-28 10:11:07] 30058,1,0.005,0.005,0.005,0.005,3,-1,0,0,116
[2026-08-28 10:11:07] 30083,0,0.000,0.000,0.000,0.000,-1,-1,0,0,116
[2026-08-28 10:11:07] 30111,1,0.005,0.005,0.005,0.005,3,-1,0,0,116
[2026-08-28 10:11:07] 30142,1,0.005,0.005,0.005,0.005,1,-1,0,0,116
[2026-08-28 10:11:07] 30172,3,0.010,0.008,0.002,0.004,0,-1,0,0,116
[2026-08-28 10:11:07] 30197,2,0.001,0.000,0.001,0.003,3,-1,0,0,116
[2026-08-28 10:11:07] 30222,0,0.000,0.000,0.000,0.000,-1,-1,0,0,117
[2026-08-28 10:11:07] 30246,0,0.000,0.000,0.000,0.000,-1,-1,0,0,117
[2026-08-28 10:11:07] 30272,0,0.000,0.000,0.000,0.000,-1,-1,0,0,117
[2026-08-28 10:11:07] 30297,0,0.000,0.000,0.000,0.000,-1,-1,0,0,117
[2026-08-28 10:11:07] 30322,2,0.007,0.005,0.003,0.008,3,-1,0,0,117
[2026-08-28 10:11:07] 30350,1,0.005,0.005,0.005,0.005,1,-1,0,0,117
[2026-08-28 10:11:07] 30374,0,0.000,0.000,0.000,0.000,-1,-1,0,0,117
[2026-08-28 10:11:07] 30403,2,0.007,0.000,0.007,0.009,3,-1,0,0,117
[2026-08-28 10:11:07] 30434,5,0.001,0.005,0.007,0.002,2,-1,0,0,117
[2026-08-28 10:11:07] 30461,1,0.005,0.005,0.005,0.005,3,-1,0,0,117
[2026-08-28 10:11:07] 30493,4,0.000,0.000,0.016,0.005,2,-1,0,0,117
[2026-08-28 10:11:07] 30521,1,0.005,0.005,0.005,0.005,3,-1,0,0,117
[2026-08-28 10:11:08] 30546,3,0.010,0.008,0.002,0.000,0,-1,0,0,117
[2026-08-28 10:11:08] 30572,0,0.000,0.000,0.000,0.000,-1,-1,0,0,118
[2026-08-28 10:11:08] 30601,1,0.005,0.005,0.005,0.005,3,-1,0,0,118
[2026-08-28 10:11:08] 30631,3,0.004,0.008,0.008,0.004,1,-1,0,0,118
[2026-08-28 10:11:08] 30656,0,0.000,0.000,0.000,0.000,-1,-1,0,0,118
[2026-08-28 10:11:08] 30682,1,0.005,0.005,0.005,0.005,3,-1,0,0,118
[2026-08-28 10:11:08] 30706,0,0.000,0.000,0.000,0.000,-1,-1,0,0,118
[2026-08-28 10:11:08] 30737,2,0.007,0.000,0.007,0.009,3,-1,0,0,118
[2026-08-28 10:11:08] 30761,0,0.000,0.000,0.000,0.000,-1,-1,0,0,118
[2026-08-28 10:11:08] 30786,0,0.000,0.000,0.000,0.000,-1,-1,0,0,118
[2026-08-28 10:11:08] 30815,1,0.005,0.005,0.005,0.005,3,-1,0,0,118
[2026-08-28 10:11:08] 30840,1,0.005,0.005,0.005,0.005,3,-1,0,0,118
[2026-08-28 10:11:08] 30869,1,0.005,0.005,0.005,0.005,3,-1,0,0,118
[2026-08-28 10:11:08] 30894,0,0.000,0.000,0.000,0.000,-1,-1,0,0,118
[2026-08-28 10:11:08] 30925,2,0.007,0.010,0.007,0.001,1,-1,0,0,118
[2026-08-28 10:11:08] 30950,1,0.005,0.005,0.005,0.005,3,-1,0,0,119
[2026-08-28 10:11:08] 30976,1,0.005,0.005,0.005,0.005,3,-1,0,0,119
[2026-08-28 10:11:08] 31006,1,0.005,0.005,0.005,0.005,1,-1,0,0,119
[2026-08-28 10:11:08] 31037,6,0.006,0.003,0.006,0.000,0,-1,0,0,119
[2026-08-28 10:11:08] 31066,1,0.005,0.005,0.005,0.005,3,-1,0,0,119
[2026-08-28 10:11:08] 31095,3,0.003,0.002,0.003,0.002,2,-1,0,0,119
[2026-08-28 10:11:08] 31127,1,0.005,0.005,0.005,0.005,1,-1,0,0,119
[2026-08-28 10:11:08] 31153,1,0.005,0.005,0.005,0.005,1,-1,0,0,120
[2026-08-28 10:11:08] 31183,4,0.000,0.003,0.003,0.012,3,-1,0,0,120
[2026-08-28 10:11:08] 31211,1,0.005,0.005,0.005,0.005,3,-1,0,0,120
[2026-08-28 10:11:08] 31242,2,0.010,0.005,0.000,0.005,0,-1,0,0,120
[2026-08-28 10:11:08] 31270,3,0.003,0.002,0.002,0.007,3,-1,0,0,120
[2026-08-28 10:11:08] 31300,1,0.005,0.005,0.005,0.005,3,-1,0,0,120
[2026-08-28 10:11:08] 31329,1,0.005,0.005,0.005,0.005,3,-1,0,0,121
[2026-08-28 10:11:08] 31356,1,0.005,0.005,0.005,0.005,3,-1,0,0,121
[2026-08-28 10:11:08] 31387,2,0.010,0.005,0.000,0.005,0,-1,0,0,121
[2026-08-28 10:11:08] 31416,2,0.001,0.000,0.001,0.003,3,-1,0,0,121
[2026-08-28 10:11:08] 31440,0,0.000,0.000,0.000,0.000,-1,-1,0,0,121
[2026-08-28 10:11:08] 31468,2,0.001,0.005,0.009,0.010,3,-1,0,0,121
[2026-08-28 10:11:08] 31495,1,0.005,0.005,0.005,0.005,3,-1,0,0,121
[2026-08-28 10:11:08] 31522,1,0.005,0.005,0.005,0.005,3,-1,0,0,121
[2026-08-28 10:11:09] 31547,0,0.000,0.000,0.000,0.000,-1,-1,0,0,122
[2026-08-28 10:11:09] 31579,2,0.007,0.005,0.003,0.002,0,-1,0,0,122
[2026-08-28 10:11:09] 31607,1,0.005,0.005,0.005,0.005,3,-1,0,0,122
[2026-08-28 10:11:09] 31638,1,0.005,0.005,0.005,0.005,1,-1,0,0,122
[2026-08-28 10:11:09] 31667,4,0.001,0.005,0.006,0.004,2,-1,0,0,122
[2026-08-28 10:11:09] 31697,2,0.001,0.000,0.001,0.003,3,-1,0,0,122
[2026-08-28 10:11:09] 31722,0,0.000,0.000,0.000,0.000,-1,-1,0,0,123
[2026-08-28 10:11:09] 31751,1,0.005,0.005,0.005,0.005,3,-1,0,0,123
[2026-08-28 10:11:09] 31776,1,0.005,0.005,0.005,0.005,3,-1,0,0,123
[2026-08-28 10:11:09] 31805,2,0.007,0.005,0.003,0.002,0,-1,0,0,123
[2026-08-28 10:11:09] 31830,0,0.000,0.000,0.000,0.000,-1,-1,0,0,123
[2026-08-28 10:11:09] 31855,0,0.000,0.000,0.000,0.000,-1,-1,0,0,123
[2026-08-28 10:11:09] 31881,2,0.007,0.010,0.007,0.001,1,-1,0,0,123
[2026-08-28 10:11:09] 31909,2,0.007,0.010,0.007,0.001,1,-1,0,0,123
[2026-08-28 10:11:09] 31940,5,0.017,0.001,0.004,0.001,0,-1,0,0,123
[2026-08-28 10:11:09] 31970,2,0.001,0.005,0.009,0.010,3,-1,0,0,123
[2026-08-28 10:11:09] 31995,1,0.005,0.005,0.005,0.005,3,-1,0,0,123
[2026-08-28 10:11:09] 32021,0,0.000,0.000,0.000,0.000,-1,-1,0,0,123
[2026-08-28 10:11:09] 32047,1,0.005,0.005,0.005,0.005,1,-1,0,0,123
[2026-08-28 10:11:09] 32075,3,0.001,0.002,0.011,0.014,3,-1,0,0,124
[2026-08-28 10:11:09] 32104,7,0.002,0.006,0.003,0.005,1,-1,0,0,124
[2026-08-28 10:11:09] 32135,3,0.004,0.002,0.008,0.013,3,-1,0,0,124
[2026-08-28 10:11:09] 32159,0,0.000,0.000,0.000,0.000,-1,-1,0,0,124
[2026-08-28 10:11:09] 32189,1,0.005,0.005,0.005,0.005,3,-1,0,0,124
[2026-08-28 10:11:09] 32218,2,0.001,0.000,0.001,0.003,3,-1,0,0,124
[2026-08-28 10:11:09] 32243,1,0.005,0.005,0.005,0.005,3,-1,0,0,124
[2026-08-28 10:11:09] 32269,0,0.000,0.000,0.000,0.000,-1,-1,0,0,124
[2026-08-28 10:11:09] 32294,3,0.001,0.008,0.004,0.011,3,-1,0,0,124
[2026-08-28 10:11:09] 32320,0,0.000,0.000,0.000,0.000,-1,-1,0,0,124
[2026-08-28 10:11:09] 32346,1,0.005,0.005,0.005,0.005,1,-1,0,0,124
[2026-08-28 10:11:09] 32370,0,0.000,0.000,0.000,0.000,-1,-1,0,0,124
[2026-08-28 10:11:09] 32395,0,0.000,0.000,0.000,0.000,-1,-1,0,0,124
[2026-08-28 10:11:09] 32420,0,0.000,0.000,0.000,0.000,-1,-1,0,0,124
[2026-08-28 10:11:09] 32446,1,0.005,0.005,0.005,0.005,3,-1,0,0,124
[2026-08-28 10:11:09] 32471,0,0.000,0.000,0.000,0.000,-1,-1,0,0,124
[2026-08-28 10:11:09] 32495,0,0.000,0.000,0.000,0.000,-1,-1,0,0,124
[2026-08-28 10:11:09] 32524,1,0.005,0.005,0.005,0.005,3,-1,0,0,124
[2026-08-28 10:11:10] 32548,0,0.000,0.000,0.000,0.000,-1,-1,0,0,125
[2026-08-28 10:11:10] 32580,1,0.005,0.005,0.005,0.005,1,-1,0,0,125
[2026-08-28 10:11:10] 32608,1,0.005,0.005,0.005,0.005,3,-1,0,0,125
[2026-08-28 10:11:10] 32638,3,0.001,0.002,0.011,0.014,3,-1,0,0,125
[2026-08-28 10:11:10] 32667,1,0.005,0.005,0.005,0.005,3,-1,0,0,125
[2026-08-28 10:11:10] 32693,1,0.005,0.005,0.005,0.005,1,-1,0,0,125
[2026-08-28 10:11:10] 32720,1,0.005,0.005,0.005,0.005,3,-1,0,0,125
[2026-08-28 10:11:10] 32752,2,0.007,0.005,0.003,0.008,3,-1,0,0,125
[2026-08-28 10:11:10] 32777,0,0.000,0.000,0.000,0.000,-1,-1,0,0,126
[2026-08-28 10:11:10] 32802,0,0.000,0.000,0.000,0.000,-1,-1,0,0,126
[2026-08-28 10:11:10] 32827,0,0.000,0.000,0.000,0.000,-1,-1,0,0,126
[2026-08-28 10:11:10] 32856,1,0.005,0.005,0.005,0.005,3,-1,0,0,126
[2026-08-28 10:11:10] 32885,1,0.005,0.005,0.005,0.005,1,-1,0,0,126
[2026-08-28 10:11:10] 32910,0,0.000,0.000,0.000,0.000,-1,-1,0,0,126
[2026-08-28 10:11:10] 32935,1,0.005,0.005,0.005,0.005,3,-1,0,0,126
[2026-08-28 10:11:10] 32963,1,0.005,0.005,0.005,0.005,3,-1,0,0,126
[2026-08-28 10:11:10] 32988,0,0.000,0.000,0.000,0.000,-1,-1,0,0,126
[2026-08-28 10:11:10] 33012,0,0.000,0.000,0.000,0.000,-1,-1,0,0,126
[2026-08-28 10:11:10] 33044,2,0.007,0.005,0.003,0.008,3,-1,0,0,126
[2026-08-28 10:11:10] 33072,1,0.005,0.005,0.005,0.005,3,-1,0,0,126
[2026-08-28 10:11:10] 33096,0,0.000,0.000,0.000,0.000,-1,-1,0,0,127
[2026-08-28 10:11:10] 33129,2,0.007,0.005,0.003,0.002,0,-1,0,0,127
[2026-08-28 10:11:10] 33154,0,0.000,0.000,0.000,0.000,-1,-1,0,0,127
[2026-08-28 10:11:10] 33183,1,0.005,0.005,0.005,0.005,3,-1,0,0,127
[2026-08-28 10:11:10] 33208,0,0.000,0.000,0.000,0.000,-1,-1,0,0,127
[2026-08-28 10:11:10] 33235,1,0.005,0.005,0.005,0.005,3,-1,0,0,127
[2026-08-28 10:11:10] 33260,0,0.000,0.000,0.000,0.000,-1,-1,0,0,127
[2026-08-28 10:11:10] 33287,1,0.005,0.005,0.005,0.005,1,-1,0,0,127
[2026-08-28 10:11:10] 33315,2,0.007,0.005,0.003,0.002,0,-1,0,0,127
[2026-08-28 10:11:10] 33347,2,0.007,0.010,0.007,0.001,1,-1,0,0,127
[2026-08-28 10:11:10] 33372,0,0.000,0.000,0.000,0.000,-1,-1,0,0,128
[2026-08-28 10:11:10] 33396,0,0.000,0.000,0.000,0.000,-1,-1,0,0,128
[2026-08-28 10:11:10] 33423,1,0.005,0.005,0.005,0.005,3,-1,0,0,128
[2026-08-28 10:11:10] 33452,1,0.005,0.005,0.005,0.005,3,-1,0,0,128
[2026-08-28 10:11:10] 33476,0,0.000,0.000,0.000,0.000,-1,-1,0,0,128
[2026-08-28 10:11:10] 33501,0,0.000,0.000,0.000,0.000,-1,-1,0,0,128
[2026-08-28 10:11:10] 33531,2,0.001,0.000,0.001,0.003,3,-1,0,0,128
[2026-08-28 10:11:11] 33559,1,0.005,0.005,0.005,0.005,3,-1,0,0,128
[2026-08-28 10:11:11] 33586,1,0.005,0.005,0.005,0.005,1,-1,0,0,128
[2026-08-28 10:11:11] 33610,0,0.000,0.000,0.000,0.000,-1,-1,0,0,128
[2026-08-28 10:11:11] 33641,1,0.005,0.005,0.005,0.005,3,-1,0,0,128
[2026-08-28 10:11:11] 33669,1,0.005,0.005,0.005,0.005,3,-1,0,0,128
[2026-08-28 10:11:11] 33699,5,0.004,0.001,0.002,0.007,3,-1,0,0,128
[2026-08-28 10:11:11] 33728,1,0.005,0.005,0.005,0.005,3,-1,0,0,129
[2026-08-28 10:11:11] 33753,0,0.000,0.000,0.000,0.000,-1,-1,0,0,129
[2026-08-28 10:11:11] 33782,1,0.005,0.005,0.005,0.005,3,-1,0,0,129
[2026-08-28 10:11:11] 33807,0,0.000,0.000,0.000,0.000,-1,-1,0,0,129
[2026-08-28 10:11:11] 33838,3,0.001,0.002,0.004,0.005,3,-1,0,0,129
[2026-08-28 10:11:11] 33862,0,0.000,0.000,0.000,0.000,-1,-1,0,0,129
[2026-08-28 10:11:11] 33894,1,0.005,0.005,0.005,0.005,1,-1,0,0,129
[2026-08-28 10:11:11] 33923,2,0.001,0.005,0.009,0.010,3,-1,0,0,129
[2026-08-28 10:11:11] 33948,3,0.004,0.002,0.008,0.003,2,-1,0,0,130
[2026-08-28 10:11:11] 33973,0,0.000,0.000,0.000,0.000,-1,-1,0,0,130
[2026-08-28 10:11:11] 34004,1,0.005,0.005,0.005,0.005,1,-1,0,0,130
[2026-08-28 10:11:11] 34035,2,0.007,0.010,0.007,0.001,1,-1,0,0,130
[2026-08-28 10:11:11] 34065,1,0.005,0.005,0.005,0.005,3,-1,0,0,130
[2026-08-28 10:11:11] 34091,1,0.005,0.005,0.005,0.005,1,-1,0,0,130
[2026-08-28 10:11:11] 34115,0,0.000,0.000,0.000,0.000,-1,-1,0,0,130
[2026-08-28 10:11:11] 34143,2,0.007,0.000,0.007,0.009,3,-1,0,0,130
[2026-08-28 10:11:11] 34170,1,0.005,0.005,0.005,0.005,3,-1,0,0,130
[2026-08-28 10:11:11] 34201,2,0.007,0.005,0.003,0.002,0,-1,0,0,130
[2026-08-28 10:11:11] 34227,0,0.000,0.000,0.000,0.000,-1,-1,0,0,131
[2026-08-28 10:11:11] 34251,0,0.000,0.000,0.000,0.000,-1,-1,0,0,131
[2026-08-28 10:11:11] 34282,1,0.005,0.005,0.005,0.005,1,-1,0,0,131
[2026-08-28 10:11:11] 34311,1,0.005,0.005,0.005,0.005,3,-1,0,0,131
[2026-08-28 10:11:11] 34335,0,0.000,0.000,0.000,0.000,-1,-1,0,0,131
[2026-08-28 10:11:11] 34363,1,0.005,0.005,0.005,0.005,3,-1,0,0,131
[2026-08-28 10:11:11] 34388,1,0.005,0.005,0.005,0.005,3,-1,0,0,131
[2026-08-28 10:11:11] 34414,0,0.000,0.000,0.000,0.000,-1,-1,0,0,131
[2026-08-28 10:11:11] 34445,1,0.005,0.005,0.005,0.005,1,-1,0,0,131
[2026-08-28 10:11:11] 34469,0,0.000,0.000,0.000,0.000,-1,-1,0,0,131
[2026-08-28 10:11:11] 34500,1,0.005,0.005,0.005,0.005,1,-1,0,0,131
[2026-08-28 10:11:11] 34528,1,0.005,0.005,0.005,0.005,3,-1,0,0,132
[2026-08-28 10:11:12] 34555,1,0.005,0.005,0.005,0.005,3,-1,0,0,132
[2026-08-28 10:11:12] 34586,2,0.007,0.005,0.003,0.002,0,-1,0,0,132
[2026-08-28 10:11:12] 34611,0,0.000,0.000,0.000,0.000,-1,-1,0,0,132
[2026-08-28 10:11:12] 34639,1,0.005,0.005,0.005,0.005,3,-1,0,0,132
[2026-08-28 10:11:12] 34664,0,0.000,0.000,0.000,0.000,-1,-1,0,0,132
[2026-08-28 10:11:12] 34689,0,0.000,0.000,0.000,0.000,-1,-1,0,0,132
[2026-08-28 10:11:12] 34718,3,0.001,0.002,0.001,0.008,3,-1,0,0,132
[2026-08-28 10:11:12] 34745,1,0.005,0.005,0.005,0.005,3,-1,0,0,132
[2026-08-28 10:11:12] 34772,2,0.007,0.005,0.003,0.002,0,-1,0,0,132
[2026-08-28 10:11:12] 34798,2,0.001,0.005,0.009,0.010,3,-1,0,0,133
[2026-08-28 10:11:12] 34825,1,0.005,0.005,0.005,0.005,3,-1,0,0,133
[2026-08-28 10:11:12] 34849,0,0.000,0.000,0.000,0.000,-1,-1,0,0,133
[2026-08-28 10:11:12] 34874,0,0.000,0.000,0.000,0.000,-1,-1,0,0,133
[2026-08-28 10:11:12] 34898,0,0.000,0.000,0.000,0.000,-1,-1,0,0,133
[2026-08-28 10:11:12] 34930,1,0.005,0.005,0.005,0.005,1,-1,0,0,133
[2026-08-28 10:11:12] 34959,1,0.005,0.005,0.005,0.005,3,-1,0,0,133
[2026-08-28 10:11:12] 34989,1,0.005,0.005,0.005,0.005,1,-1,0,0,133
[2026-08-28 10:11:12] 35017,2,0.007,0.005,0.003,0.002,0,-1,0,0,133
[2026-08-28 10:11:12] 35048,1,0.005,0.005,0.005,0.005,1,-1,0,0,133
[2026-08-28 10:11:12] 35074,0,0.000,0.000,0.000,0.000,-1,-1,0,0,134
[2026-08-28 10:11:12] 35098,0,0.000,0.000,0.000,0.000,-1,-1,0,0,134
[2026-08-28 10:11:12] 35123,0,0.000,0.000,0.000,0.000,-1,-1,0,0,134
[2026-08-28 10:11:12] 35151,1,0.005,0.005,0.005,0.005,3,-1,0,0,134
[2026-08-28 10:11:12] 35177,2,0.001,0.000,0.001,0.003,3,-1,0,0,134
[2026-08-28 10:11:12] 35202,0,0.000,0.000,0.000,0.000,-1,-1,0,0,134
[2026-08-28 10:11:12] 35232,3,0.010,0.002,0.010,0.014,3,-1,0,0,134
[2026-08-28 10:11:12] 35261,2,0.010,0.005,0.000,0.005,0,-1,0,0,134
[2026-08-28 10:11:12] 35287,0,0.000,0.000,0.000,0.000,-1,-1,0,0,134
[2026-08-28 10:11:12] 35314,1,0.005,0.005,0.005,0.005,3,-1,0,0,134
[2026-08-28 10:11:12] 35346,1,0.005,0.005,0.005,0.005,1,-1,0,0,134
[2026-08-28 10:11:12] 35371,0,0.000,0.000,0.000,0.000,-1,-1,0,0,134
[2026-08-28 10:11:12] 35397,1,0.005,0.005,0.005,0.005,1,-1,0,0,134
[2026-08-28 10:11:12] 35422,0,0.000,0.000,0.000,0.000,-1,-1,0,0,135
[2026-08-28 10:11:12] 35450,1,0.005,0.005,0.005,0.005,3,-1,0,0,135
[2026-08-28 10:11:12] 35482,2,0.001,0.005,0.009,0.000,2,-1,0,0,135
[2026-08-28 10:11:12] 35507,0,0.000,0.000,0.000,0.000,-1,-1,0,0,135
[2026-08-28 10:11:12] 35531,0,0.000,0.000,0.000,0.000,-1,-1,0,0,135
[2026-08-28 10:11:13] 35561,1,0.005,0.005,0.005,0.005,3,-1,0,0,135
[2026-08-28 10:11:13] 35591,2,0.007,0.005,0.003,0.002,0,-1,0,0,135
[2026-08-28 10:11:13] 35619,1,0.005,0.005,0.005,0.005,3,-1,0,0,135
[2026-08-28 10:11:13] 35644,0,0.000,0.000,0.000,0.000,-1,-1,0,0,135
[2026-08-28 10:11:13] 35673,1,0.005,0.005,0.005,0.005,3,-1,0,0,135
[2026-08-28 10:11:13] 35703,7,0.004,0.009,0.003,0.002,1,-1,0,0,136
[2026-08-28 10:11:13] 35734,3,0.004,0.002,0.008,0.013,3,-1,0,0,136
[2026-08-28 10:11:13] 35759,0,0.000,0.000,0.000,0.000,-1,-1,0,0,136
[2026-08-28 10:11:13] 35789,2,0.007,0.010,0.007,0.001,1,-1,0,0,136
[2026-08-28 10:11:13] 35814,0,0.000,0.000,0.000,0.000,-1,-1,0,0,136
[2026-08-28 10:11:13] 35842,1,0.005,0.005,0.005,0.005,3,-1,0,0,136
[2026-08-28 10:11:13] 35866,0,0.000,0.000,0.000,0.000,-1,-1,0,0,136
[2026-08-28 10:11:13] 35897,3,0.004,0.002,0.000,0.008,3,-1,0,0,136
[2026-08-28 10:11:13] 35921,0,0.000,0.000,0.000,0.000,-1,-1,0,0,137
[2026-08-28 10:11:13] 35947,0,0.000,0.000,0.000,0.000,-1,-1,0,0,137
[2026-08-28 10:11:13] 35972,0,0.000,0.000,0.000,0.000,-1,-1,0,0,137
[2026-08-28 10:11:13] 36000,3,0.001,0.002,0.001,0.008,3,-1,0,0,137
[2026-08-28 10:11:13] 36031,4,0.006,0.013,0.003,0.003,1,-1,0,0,137
[2026-08-28 10:11:13] 36061,1,0.005,0.005,0.005,0.005,3,-1,0,0,137
[2026-08-28 10:11:13] 36092,1,0.005,0.005,0.005,0.005,1,-1,0,0,137
[2026-08-28 10:11:13] 36120,1,0.005,0.005,0.005,0.005,3,-1,0,0,137
[2026-08-28 10:11:13] 36151,3,0.004,0.008,0.008,0.001,1,-1,0,0,137
[2026-08-28 10:11:13] 36179,2,0.010,0.000,0.010,0.000,0,-1,0,0,138
[2026-08-28 10:11:13] 36208,1,0.005,0.005,0.005,0.005,3,-1,0,0,138
[2026-08-28 10:11:13] 36233,0,0.000,0.000,0.000,0.000,-1,-1,0,0,138
[2026-08-28 10:11:13] 36261,2,0.007,0.005,0.003,0.002,0,-1,0,0,138
[2026-08-28 10:11:13] 36286,0,0.000,0.000,0.000,0.000,-1,-1,0,0,138
[2026-08-28 10:11:13] 36314,1,0.005,0.005,0.005,0.005,3,-1,0,0,138
[2026-08-28 10:11:13] 36338,0,0.000,0.000,0.000,0.000,-1,-1,0,0,138
[2026-08-28 10:11:13] 36363,0,0.000,0.000,0.000,0.000,-1,-1,0,0,138
[2026-08-28 10:11:13] 36389,1,0.005,0.005,0.005,0.005,3,-1,0,0,138
[2026-08-28 10:11:13] 36414,0,0.000,0.000,0.000,0.000,-1,-1,0,0,138
[2026-08-28 10:11:13] 36441,2,0.010,0.005,0.000,0.005,0,-1,0,0,138
[2026-08-28 10:11:13] 36468,1,0.005,0.005,0.005,0.005,3,-1,0,0,138
[2026-08-28 10:11:13] 36495,1,0.005,0.005,0.005,0.005,3,-1,0,0,138
[2026-08-28 10:11:13] 36524,2,0.007,0.000,0.007,0.009,3,-1,0,0,138
[2026-08-28 10:11:14] 36553,2,0.010,0.005,0.000,0.005,0,-1,0,0,139
[2026-08-28 10:11:14] 36584,1,0.005,0.005,0.005,0.005,1,-1,0,0,139
[2026-08-28 10:11:14] 36609,0,0.000,0.000,0.000,0.000,-1,-1,0,0,139
[2026-08-28 10:11:14] 36633,0,0.000,0.000,0.000,0.000,-1,-1,0,0,139
[2026-08-28 10:11:14] 36662,1,0.005,0.005,0.005,0.005,3,-1,0,0,139
[2026-08-28 10:11:14] 36692,2,0.007,0.005,0.003,0.008,3,-1,0,0,139
[2026-08-28 10:11:14] 36718,0,0.000,0.000,0.000,0.000,-1,-1,0,0,139
[2026-08-28 10:11:14] 36749,3,0.003,0.002,0.003,0.006,3,-1,0,0,139
[2026-08-28 10:11:14] 36777,1,0.005,0.005,0.005,0.005,1,-1,0,0,140
[2026-08-28 10:11:14] 36803,0,0.000,0.000,0.000,0.000,-1,-1,0,0,140
[2026-08-28 10:11:14] 36833,2,0.007,0.005,0.003,0.008,3,-1,0,0,140
[2026-08-28 10:11:14] 36857,0,0.000,0.000,0.000,0.000,-1,-1,0,0,140
[2026-08-28 10:11:14] 36884,3,0.010,0.002,0.006,0.002,0,-1,0,0,140
[2026-08-28 10:11:14] 36913,1,0.005,0.005,0.005,0.005,3,-1,0,0,140
[2026-08-28 10:11:14] 36939,1,0.005,0.005,0.005,0.005,3,-1,0,0,140
[2026-08-28 10:11:14] 36968,2,0.001,0.010,0.001,0.007,1,-1,0,0,140
[2026-08-28 10:11:14] 36996,2,0.010,0.005,0.000,0.005,0,-1,0,0,140
[2026-08-28 10:11:14] 37020,0,0.000,0.000,0.000,0.000,-1,-1,0,0,140
[2026-08-28 10:11:14] 37046,1,0.005,0.005,0.005,0.005,1,-1,0,0,140
[2026-08-28 10:11:14] 37074,1,0.005,0.005,0.005,0.005,3,-1,0,0,140
[2026-08-28 10:11:14] 37101,3,0.015,0.002,0.002,0.002,0,-1,0,0,141
[2026-08-28 10:11:14] 37128,1,0.005,0.005,0.005,0.005,3,-1,0,0,141
[2026-08-28 10:11:14] 37155,1,0.005,0.005,0.005,0.005,3,-1,0,0,141
[2026-08-28 10:11:14] 37187,3,0.004,0.008,0.008,0.001,1,-1,0,0,141
[2026-08-28 10:11:14] 37217,3,0.010,0.002,0.002,0.010,0,-1,0,0,141
[2026-08-28 10:11:14] 37246,2,0.001,0.000,0.001,0.003,3,-1,0,0,141
[2026-08-28 10:11:14] 37275,1,0.005,0.005,0.005,0.005,3,-1,0,0,141
[2026-08-28 10:11:14] 37302,2,0.007,0.005,0.003,0.002,0,-1,0,0,142
[2026-08-28 10:11:14] 37332,2,0.001,0.005,0.009,0.000,2,-1,0,0,142
[2026-08-28 10:11:14] 37361,1,0.005,0.005,0.005,0.005,3,-1,0,0,142
[2026-08-28 10:11:14] 37392,1,0.005,0.005,0.005,0.005,1,-1,0,0,142
[2026-08-28 10:11:14] 37416,0,0.000,0.000,0.000,0.000,-1,-1,0,0,142
[2026-08-28 10:11:14] 37448,4,0.009,0.003,0.000,0.001,0,-1,0,0,142
[2026-08-28 10:11:14] 37477,1,0.005,0.005,0.005,0.005,3,-1,0,0,143
[2026-08-28 10:11:14] 37507,4,0.006,0.003,0.003,0.008,3,-1,0,0,143
[2026-08-28 10:11:14] 37536,3,0.003,0.008,0.014,0.002,2,-1,0,0,143
[2026-08-28 10:11:15] 37565,2,0.001,0.005,0.009,0.010,3,-1,0,0,143
[2026-08-28 10:11:15] 37591,1,0.005,0.005,0.005,0.005,3,-1,0,0,143
[2026-08-28 10:11:15] 37619,1,0.005,0.005,0.005,0.005,3,-1,0,0,143
[2026-08-28 10:11:15] 37644,0,0.000,0.000,0.000,0.000,-1,-1,0,0,143
[2026-08-28 10:11:15] 37672,1,0.005,0.005,0.005,0.005,1,-1,0,0,143
[2026-08-28 10:11:15] 37698,2,0.007,0.005,0.003,0.002,0,-1,0,0,144
[2026-08-28 10:11:15] 37729,4,0.015,0.005,0.002,0.000,0,-1,0,0,144
[2026-08-28 10:11:15] 37756,1,0.005,0.005,0.005,0.005,3,-1,0,0,144
[2026-08-28 10:11:15] 37782,0,0.000,0.000,0.000,0.000,-1,-1,0,0,144
[2026-08-28 10:11:15] 37811,3,0.004,0.008,0.008,0.004,1,-1,0,0,144
[2026-08-28 10:11:15] 37836,1,0.005,0.005,0.005,0.005,3,-1,0,0,144
[2026-08-28 10:11:15] 37862,0,0.000,0.000,0.000,0.000,-1,-1,0,0,144
[2026-08-28 10:11:15] 37893,4,0.001,0.005,0.001,0.002,1,-1,0,0,144
[2026-08-28 10:11:15] 37917,0,0.000,0.000,0.000,0.000,-1,-1,0,0,144
[2026-08-28 10:11:15] 37948,5,0.001,0.001,0.005,0.003,2,-1,0,0,144
[2026-08-28 10:11:15] 37974,1,0.005,0.005,0.005,0.005,3,-1,0,0,145
[2026-08-28 10:11:15] 37998,0,0.000,0.000,0.000,0.000,-1,-1,0,0,145
[2026-08-28 10:11:15] 38030,3,0.004,0.008,0.000,0.006,1,-1,0,0,145
[2026-08-28 10:11:15] 38054,0,0.000,0.000,0.000,0.000,-1,-1,0,0,145
[2026-08-28 10:11:15] 38085,1,0.005,0.005,0.005,0.005,1,-1,0,0,145
[2026-08-28 10:11:15] 38115,2,0.010,0.005,0.000,0.005,0,-1,0,0,145
[2026-08-28 10:11:15] 38139,0,0.000,0.000,0.000,0.000,-1,-1,0,0,145
[2026-08-28 10:11:15] 38168,2,0.010,0.000,0.010,0.000,0,-1,0,0,145
[2026-08-28 10:11:15] 38199,2,0.001,0.005,0.009,0.010,3,-1,0,0,145
[2026-08-28 10:11:15] 38224,0,0.000,0.000,0.000,0.000,-1,-1,0,0,146
[2026-08-28 10:11:15] 38249,0,0.000,0.000,0.000,0.000,-1,-1,0,0,146
[2026-08-28 10:11:15] 38280,2,0.007,0.010,0.007,0.001,1,-1,0,0,146
[2026-08-28 10:11:15] 38305,0,0.000,0.000,0.000,0.000,-1,-1,0,0,146
[2026-08-28 10:11:15] 38330,0,0.000,0.000,0.000,0.000,-1,-1,0,0,146
[2026-08-28 10:11:15] 38359,4,0.001,0.010,0.001,0.003,1,-1,0,0,146
[2026-08-28 10:11:15] 38389,2,0.001,0.010,0.001,0.007,1,-1,0,0,146
[2026-08-28 10:11:15] 38418,1,0.005,0.005,0.005,0.005,3,-1,0,0,146
[2026-08-28 10:11:15] 38450,4,0.003,0.003,0.000,0.006,3,-1,0,0,146
[2026-08-28 10:11:15] 38477,1,0.005,0.005,0.005,0.005,3,-1,0,0,147
[2026-08-28 10:11:15] 38503,0,0.000,0.000,0.000,0.000,-1,-1,0,0,147
[2026-08-28 10:11:15] 38534,2,0.010,0.000,0.010,0.000,0,-1,0,0,147
[2026-08-28 10:11:16] 38562,1,0.005,0.005,0.005,0.005,3,-1,0,0,147
[2026-08-28 10:11:16] 38593,4,0.001,0.002,0.002,0.001,1,-1,0,0,147
[2026-08-28 10:11:16] 38622,1,0.005,0.005,0.005,0.005,3,-1,0,0,147
[2026-08-28 10:11:16] 38648,1,0.005,0.005,0.005,0.005,3,-1,0,0,147
[2026-08-28 10:11:16] 38673,0,0.000,0.000,0.000,0.000,-1,-1,0,0,148
[2026-08-28 10:11:16] 38697,0,0.000,0.000,0.000,0.000,-1,-1,0,0,148
[2026-08-28 10:11:16] 38722,0,0.000,0.000,0.000,0.000,-1,-1,0,0,148
[2026-08-28 10:11:16] 38751,1,0.005,0.005,0.005,0.005,3,-1,0,0,148
[2026-08-28 10:11:16] 38781,2,0.010,0.010,0.010,0.010,1,-1,0,0,148
[2026-08-28 10:11:16] 38809,1,0.005,0.005,0.005,0.005,3,-1,0,0,148
[2026-08-28 10:11:16] 38841,2,0.001,0.005,0.009,0.000,2,-1,0,0,148
[2026-08-28 10:11:16] 38870,5,0.009,0.005,0.008,0.000,0,-1,0,0,148
[2026-08-28 10:11:16] 38900,6,0.007,0.007,0.001,0.000,0,-1,0,0,148
[2026-08-28 10:11:16] 38930,2,0.010,0.005,0.000,0.005,0,-1,0,0,149
[2026-08-28 10:11:16] 38955,0,0.000,0.000,0.000,0.000,-1,-1,0,0,149
[2026-08-28 10:11:16] 38985,4,0.003,0.005,0.005,0.014,3,-1,0,0,149
[2026-08-28 10:11:16] 39015,4,0.001,0.010,0.012,0.002,2,-1,0,0,149
[2026-08-28 10:11:16] 39046,1,0.005,0.005,0.005,0.005,1,-1,0,0,149
[2026-08-28 10:11:16] 39070,0,0.000,0.000,0.000,0.000,-1,-1,0,0,149
[2026-08-28 10:11:16] 39095,0,0.000,0.000,0.000,0.000,-1,-1,0,0,149
[2026-08-28 10:11:16] 39120,2,0.010,0.005,0.000,0.005,0,-1,0,0,149
[2026-08-28 10:11:16] 39147,3,0.015,0.002,0.002,0.002,0,-1,0,0,149
[2026-08-28 10:11:16] 39177,2,0.001,0.005,0.009,0.000,2,-1,0,0,150
[2026-08-28 10:11:16] 39201,0,0.000,0.000,0.000,0.000,-1,-1,0,0,150
[2026-08-28 10:11:16] 39232,3,0.010,0.002,0.002,0.010,0,-1,0,0,150
[2026-08-28 10:11:16] 39257,0,0.000,0.000,0.000,0.000,-1,-1,0,0,150
[2026-08-28 10:11:16] 39283,2,0.001,0.010,0.001,0.007,1,-1,0,0,150
[2026-08-28 10:11:16] 39308,0,0.000,0.000,0.000,0.000,-1,-1,0,0,150
[2026-08-28 10:11:16] 39334,1,0.005,0.005,0.005,0.005,1,-1,0,0,150
[2026-08-28 10:11:16] 39359,0,0.000,0.000,0.000,0.000,-1,-1,0,0,150
[2026-08-28 10:11:16] 39390,3,0.001,0.008,0.004,0.011,3,-1,0,0,150
[2026-08-28 10:11:16] 39418,3,0.003,0.008,0.002,0.009,3,-1,0,0,150
[2026-08-28 10:11:16] 39450,4,0.001,0.003,0.002,0.002,1,-1,0,0,150
[2026-08-28 10:11:16] 39475,0,0.000,0.000,0.000,0.000,-1,-1,0,0,151
[2026-08-28 10:11:16] 39499,0,0.000,0.000,0.000,0.000,-1,-1,0,0,151
[2026-08-28 10:11:16] 39531,2,0.007,0.010,0.007,0.001,1,-1,0,0,151
[2026-08-28 10:11:17] 39561,1,0.005,0.005,0.005,0.005,3,-1,0,0,151
[2026-08-28 10:11:17] 39591,2,0.007,0.000,0.007,0.009,3,-1,0,0,151
[2026-08-28 10:11:17] 39620,5,0.009,0.005,0.008,0.011,3,-1,0,0,151
[2026-08-28 10:11:17] 39648,2,0.007,0.005,0.003,0.002,0,-1,0,0,151
[2026-08-28 10:11:17] 39672,0,0.000,0.000,0.000,0.000,-1,-1,0,0,152
[2026-08-28 10:11:17] 39701,1,0.005,0.005,0.005,0.005,3,-1,0,0,152
[2026-08-28 10:11:17] 39727,0,0.000,0.000,0.000,0.000,-1,-1,0,0,152
[2026-08-28 10:11:17] 39754,1,0.005,0.005,0.005,0.005,3,-1,0,0,152
[2026-08-28 10:11:17] 39785,3,0.003,0.008,0.014,0.015,3,-1,0,0,152
[2026-08-28 10:11:17] 39814,3,0.004,0.002,0.004,0.004,0,-1,0,0,152
[2026-08-28 10:11:17] 39844,2,0.007,0.000,0.007,0.009,3,-1,0,0,152
[2026-08-28 10:11:17] 39873,1,0.005,0.005,0.005,0.005,3,-1,0,0,152
[2026-08-28 10:11:17] 39904,3,0.010,0.008,0.002,0.000,0,-1,0,0,153
[2026-08-28 10:11:17] 39928,0,0.000,0.000,0.000,0.000,-1,-1,0,0,153
[2026-08-28 10:11:17] 39958,4,0.006,0.000,0.006,0.005,0,-1,0,0,153
[2026-08-28 10:11:17] 39989,4,0.006,0.010,0.002,0.006,1,-1,0,0,153
[2026-08-28 10:11:17] 40017,2,0.001,0.010,0.001,0.007,1,-1,0,0,153
[2026-08-28 10:11:17] 40049,7,0.000,0.004,0.009,0.003,2,-1,0,0,153
[2026-08-28 10:11:17] 40078,1,0.005,0.005,0.005,0.005,3,-1,0,0,154
[2026-08-28 10:11:17] 40103,0,0.000,0.000,0.000,0.000,-1,-1,0,0,154
[2026-08-28 10:11:17] 40129,2,0.010,0.000,0.010,0.000,2,-1,0,0,154
[2026-08-28 10:11:17] 40154,0,0.000,0.000,0.000,0.000,-1,-1,0,0,154
[2026-08-28 10:11:17] 40184,2,0.007,0.005,0.003,0.008,3,-1,0,0,154
[2026-08-28 10:11:17] 40209,0,0.000,0.000,0.000,0.000,-1,-1,0,0,154
[2026-08-28 10:11:17] 40236,2,0.007,0.005,0.003,0.002,0,-1,0,0,154
[2026-08-28 10:11:17] 40264,4,0.006,0.005,0.002,0.003,0,-1,0,0,154
[2026-08-28 10:11:17] 40294,2,0.001,0.005,0.009,0.000,2,-1,0,0,154
[2026-08-28 10:11:17] 40318,0,0.000,0.000,0.000,0.000,-1,-1,0,0,154
[2026-08-28 10:11:17] 40346,2,0.001,0.000,0.001,0.003,3,-1,0,0,154
[2026-08-28 10:11:17] 40371,0,0.000,0.000,0.000,0.000,-1,-1,0,0,154
[2026-08-28 10:11:17] 40397,1,0.005,0.005,0.005,0.005,3,-1,0,0,154
[2026-08-28 10:11:17] 40422,0,0.000,0.000,0.000,0.000,-1,-1,0,0,155
[2026-08-28 10:11:17] 40446,0,0.000,0.000,0.000,0.000,-1,-1,0,0,155
